grouping_key,clube_id,nome,slug,apelido,posicao_id,status_id,pontos_num,preco_num,variacao_num,media_num,jogos_num,RB,FC,GC,CA,CV,SG,DD,DP,GS,FS,PI,A,FT,FD,FF,G,I,PP
Flamengo,262,Rodrigo Caio Coquette Russo,rodrigo-caio,Rodrigo Caio,3,7,1.3,8.08,-0.48,2.77,11,0,12,0,1,0,3,0,0,0,6,21,0,0,1,3,0,0,0
Flamengo,262,Everton Augusto de Barros Ribeiro,everton-ribeiro,Everton Ribeiro,4,7,1.6,8.7,-1.33,4.69,19,0,20,0,4,0,0,0,0,0,37,156,2,1,7,13,6,1,0
Flamengo,262,Bruno Henrique Pinto,bruno-henrique,Bruno Henrique,5,7,5.4,12.82,0.21,4.87,17,0,28,0,7,0,0,0,0,0,42,100,3,3,9,12,5,5,1
Flamengo,262,César Bernardo Dutra,cesar,César,1,6,0,3.38,0,1.2,4,0,0,0,0,0,2,0,0,2,0,12,0,0,0,0,0,0,0
Flamengo,262,Filipe Luís Kasmirski,filipe-luis,Filipe Luís,2,7,7.3,7.41,0.39,3.9,17,0,28,1,4,0,4,0,0,0,19,148,1,1,2,1,2,1,0
Flamengo,262,Willian Souza Arão da Silva,willian-arao,Willian Arão,4,6,0,6.98,0,1.1,20,0,27,0,4,0,0,0,0,0,9,71,0,0,2,7,0,0,0
Flamengo,262,Diego Ribas da Cunha,diego,Diego,4,6,0,5.42,0,2.32,13,0,17,0,3,0,0,0,0,0,31,44,2,0,2,4,1,0,0
Flamengo,262,Diego Alves Carreira,diego-alves,Diego Alves,1,7,-2.2,7.88,-1.21,1.35,8,0,0,0,0,1,2,6,0,8,2,32,0,0,0,0,0,0,0
Flamengo,262,Renê Rodrigues Martins,rene,Renê,2,6,0,6.46,0,3.05,9,0,9,0,1,0,2,0,0,0,7,74,0,0,0,1,1,0,0
Flamengo,262,Gustavo Henrique Vernes,gustavo-henrique,Gustavo Henrique,3,6,0,5.15,0,1.28,13,0,16,1,3,1,3,0,0,0,6,37,0,0,1,4,1,0,0
Flamengo,262,Leonardo Pereira,leo-pereira,Léo Pereira,3,6,0,5.1,0,2.26,12,0,15,0,1,0,1,0,0,0,9,56,0,0,2,3,1,0,0
Flamengo,262,Thiago Maia Alencar,thiago-maia,Thiago Maia,4,5,0,6.99,0,2.72,12,0,26,0,4,0,0,0,0,0,7,66,2,1,2,3,0,0,0
Flamengo,262,Pedro Rocha Neves,pedro-rocha,Pedro Rocha,5,6,0,3.22,-0.08,0.8,5,0,2,0,0,0,0,0,0,0,1,15,1,0,0,0,0,0,0
Flamengo,262,Victor Vinícius Coelho dos Santos,vitinho,Vitinho,5,6,1,6.43,0.18,2.55,18,0,19,0,2,0,0,0,0,0,10,89,2,0,12,15,1,2,0
Flamengo,262,Michael Richard Delgado de Oliveira,michael,Michael,5,6,0,5.09,-0.13,0.97,15,0,13,0,1,0,0,0,0,0,8,38,1,0,3,9,0,0,0
Flamengo,262,Pedro Guilherme Abreu dos Santos,pedro,Pedro,5,6,2,5.5,0.33,4.09,18,0,18,0,1,0,0,0,0,0,18,37,0,0,15,8,7,4,1
Flamengo,262,Lincoln Corrêa dos Santos,lincoln,Lincoln,5,6,0,3.78,0,1.88,12,0,2,0,1,0,0,0,0,0,1,15,1,0,8,0,1,0,0
Flamengo,262,Gabriel Batista de Souza,gabriel-batista,Gabriel Batista,1,6,0,1.56,0,-0.9,3,0,0,0,0,0,0,2,0,5,1,12,0,0,0,0,0,0,0
Flamengo,262,Gerson Santos da Silva,gerson,Gerson,4,7,7.6,10.45,0.12,3.47,19,0,40,0,5,0,0,0,0,0,70,78,2,0,6,10,1,3,0
Flamengo,262,Matheus França Silva,matheuzinho,Matheuzinho,2,6,0,2.37,0,2.2,8,0,4,0,1,0,1,0,0,0,2,26,1,0,3,2,0,0,0
Flamengo,262,João Lucas de Almeida Carvalho,joao-lucas,João Lucas,2,6,0,4.17,0,3.55,2,0,6,0,1,0,1,0,0,0,7,12,0,0,0,1,0,0,0
Flamengo,262,Matheus Soares Thuler,thuler,Thuler,3,6,0,2.2,0,-0.28,4,0,3,0,1,0,0,0,0,0,3,11,0,0,0,0,0,0,0
Flamengo,262,Rogério Ceni,rogerio-ceni,Rogério Ceni,6,7,4.31,7.99,0.08,3.36,22,0,0,0,0,0,0,0,0,0,0,0,0,0,0,0,0,0,0
Flamengo,262,Gabriel Barbosa Almeida,gabriel,Gabriel,5,7,15.4,14.23,2.35,6.55,12,0,3,0,2,0,0,0,0,0,11,66,0,1,11,17,7,9,0
Flamengo,262,Giorgian Daniel de Arrascaeta Benedetti,arrascaeta,Arrascaeta,4,7,0.4,16.56,-0.33,5.88,13,0,11,0,0,0,0,0,0,0,14,133,3,1,8,11,4,0,0
Flamengo,262,Mauricio Aníbal Isla Isla,isla,Isla,2,7,0.6,8.29,-0.88,3.06,15,0,19,0,3,0,3,0,0,0,8,115,5,0,0,0,0,6,0
Flamengo,262,Hugo de Souza Nogueira,hugo-souza,Hugo Souza,1,6,0,1.42,0,0.71,9,0,0,0,0,0,1,9,0,15,0,46,0,0,0,0,0,0,0
Flamengo,262,João Pedro Vilardi Pinto,pepe,Pepê,4,6,4,2.12,0.59,1.9,2,0,1,0,0,0,0,0,0,0,1,2,0,1,0,0,0,0,0
Flamengo,262,Ramon Ramos Lima,ramon,Ramon,2,6,0,1.25,0,-0.1,3,0,1,0,0,0,0,0,0,0,1,3,0,0,0,0,0,0,0
Flamengo,262,Rodrigo Muniz Carvalho,rodrigo-muniz,Rodrigo Muniz,5,6,0,1.83,0,1.13,7,0,7,0,1,0,0,0,0,0,8,6,0,0,1,1,1,2,0
Flamengo,262,Gabriel Rodrigues Noga,gabriel-noga,Gabriel Noga,3,6,0,0.78,0,-0.35,2,0,1,0,1,0,0,0,0,0,1,7,0,0,0,0,0,0,0
Flamengo,262,José Ítalo Monteiro Fidelis dos Santos,italo,Ítalo,2,6,0,1,0,0,0,0,0,0,0,0,0,0,0,0,0,0,0,0,0,0,0,0,0
Flamengo,262,João Fernando Monteiro Siqueira,joao-fernando,João Fernando,1,6,0,1,0,0,0,0,0,0,0,0,0,0,0,0,0,0,0,0,0,0,0,0,0
Flamengo,262,Vinicius Milani Bueno,milani,Milani,3,6,0,1,0,0,0,0,0,0,0,0,0,0,0,0,0,0,0,0,0,0,0,0,0
Flamengo,262,Otávio Ataide da Silva,otavio,Otávio,3,6,0,1,0,0,0,0,0,0,0,0,0,0,0,0,0,0,0,0,0,0,0,0,0
Flamengo,262,Yuri de Oliveira,yuri-de-oliveira,Yuri de Oliveira,4,6,0,1,0,0,0,0,0,0,0,0,0,0,0,0,0,0,0,0,0,0,0,0,0
Flamengo,262,João Victor Gomes da Silva,gomes,Gomes,4,7,-2.2,0.85,-1.09,1.5,2,0,9,0,2,0,0,0,0,0,4,5,0,1,0,0,0,0,0
Flamengo,262,Lázaro Vinicius Marques,lazaro,Lázaro,5,6,0,2.35,0,0,1,0,0,0,0,0,0,0,0,0,0,0,0,0,0,0,0,0,0
Flamengo,262,Dhouglas Francisco de Souza Rodrigues,dhouglas,Dhouglas,4,6,0,1,0,0,0,0,0,0,0,0,0,0,0,0,0,0,0,0,0,0,0,0,0
Flamengo,262,Daniel Cabral de Oliveira,daniel-cabral,Daniel Cabral,4,6,0,2,0,0,0,0,0,0,0,0,0,0,0,0,0,0,0,0,0,0,0,0,0
Flamengo,262,Guilherme da Silva Gonçalves,guilherme-bala,Guilherme Bala,5,6,0,1,0,0,0,0,0,0,0,0,0,0,0,0,0,0,0,0,0,0,0,0,0
Flamengo,262,Natan Bernardo de Souza,natan,Natan,3,7,5.2,4.88,1.13,3.76,8,0,6,0,3,0,1,0,0,0,2,28,1,1,1,2,1,0,0
Flamengo,262,Gabriel de Sousa Barros,gabriel-barros,Gabriel Barros,4,6,0,1,0,0,0,0,0,0,0,0,0,0,0,0,0,0,0,0,0,0,0,0,0
Flamengo,262,Thiago Fernandes Rodrigues,thiago-fernandes,Thiago Fernandes,5,6,0,1,0,0,0,0,0,0,0,0,0,0,0,0,0,0,0,0,0,0,0,0,0
Flamengo,262,Richard Rios Montoya,richard-rios,Richard Rios,4,6,0,1,0,0,0,0,0,0,0,0,0,0,0,0,0,0,0,0,0,0,0,0,0
Botafogo,263,Keisuke Honda,honda,Honda,4,7,5.2,6.35,1,2.94,16,0,21,0,1,0,0,0,0,0,10,84,0,0,5,10,2,0,0
Botafogo,263,Roberto Junior Fernández Torres,gatito-fernandez,Gatito Fernández,1,5,0,14.9,0,5.6,8,0,0,0,1,0,3,13,0,7,0,62,0,0,0,0,0,0,0
Botafogo,263,Cícero Santos,cicero,Cícero,4,6,0,4.72,0,0.67,3,0,0,0,0,0,0,0,0,0,1,3,0,0,0,1,0,0,0
Botafogo,263,José Welison da Silva,jose-welison,José Welison,4,7,8.2,4.83,1.44,3.12,6,0,6,0,0,0,0,0,0,0,6,17,1,0,0,3,0,0,0
Botafogo,263,Diego Cavalieri,diego-cavalieri,Diego Cavalieri,1,7,-6.5,3.65,-0.73,-0.08,13,0,1,0,2,0,1,10,1,20,1,91,0,0,0,0,0,0,0
Botafogo,263,Bruno dos Santos Nazário,bruno-nazario,Bruno Nazário,4,3,1.2,6.88,-0.46,2.65,17,0,24,0,3,0,0,0,0,0,24,137,2,1,10,11,1,0,0
Botafogo,263,Salomon Armand Magloire Kalou,kalou,Kalou,5,7,-0.2,6.72,-0.48,1.66,15,0,14,0,0,0,0,0,0,0,15,61,1,0,4,5,1,1,0
Botafogo,263,Luiz Otávio Alves Marcolino,luiz-otavio,Luiz Otávio,4,6,0,1.83,0,0.38,14,0,8,0,0,0,0,0,0,0,3,15,0,0,3,1,0,0,0
Botafogo,263,Saulo Ferreira Silva Nascimento,saulo,Saulo,1,6,0,1.04,0,-2.8,1,0,0,0,0,0,0,0,0,1,0,8,0,0,0,0,0,0,0
Botafogo,263,Márcio Almeida de Oliveira,marcinho,Marcinho,2,6,0,4.79,0,0.2,2,0,0,0,0,0,0,0,0,0,1,21,0,0,0,0,0,0,0
Botafogo,263,Federico Barrandeguy Martino,barrandeguy,Barrandeguy,2,6,0,3.22,0,1.89,8,0,4,0,2,0,2,0,0,0,6,49,0,0,0,0,0,0,0
Botafogo,263,Guilherme Oliveira Santos,guilherme-santos,Guilherme Santos,2,5,0,6.24,0,1.99,12,0,17,0,3,0,3,0,0,0,10,59,1,0,0,6,0,1,0
Botafogo,263,Pedro Raul Garay da Silva,pedro-raul,Pedro Raul,5,7,8.6,7.3,0.71,2.89,16,0,25,0,1,0,0,0,0,0,20,79,1,0,9,16,3,2,0
Botafogo,263,Victor Luis Chuab Zamblauskas,victor-luis,Victor Luis,2,3,-2.6,9.03,-0.93,4.08,17,0,17,0,1,1,3,0,0,0,16,141,1,0,5,4,2,0,1
Botafogo,263,Kevin Peterson dos Santos Silva,kevin,Kevin ,2,7,4.2,3.46,1.02,1.37,17,0,18,1,2,0,2,0,0,0,18,228,1,0,3,1,0,1,0
Botafogo,263,Iván Darío Angulo Cortés,ivan-angulo,Iván Angulo,5,5,0,2.09,0,-5.6,1,0,3,0,0,1,0,0,0,0,0,1,0,0,0,0,0,0,0
Botafogo,263,Rafael Forster,rafael-forster,Rafael Forster,3,7,0,3.09,0,1.04,15,0,14,0,2,1,3,0,0,0,13,70,0,0,1,5,0,0,0
Botafogo,263,Matheus Nascimento de Paula,matheus-nascimento,Matheus Nascimento,5,6,0,0.77,0,-0.5,1,0,1,0,0,0,0,0,0,0,0,0,0,0,0,0,0,0,0
Botafogo,263,Eduardo de Souza Barroca,eduardo-barroca,Eduardo Barroca,6,7,1.97,3.99,0.08,1.61,6,0,0,0,0,0,0,0,0,0,0,0,0,0,0,0,0,0,0
Botafogo,263,Victor Hugo Soares dos Santos,kanu,Kanu,3,7,-0.2,5.17,0.06,2.65,21,0,16,0,3,0,4,0,0,0,22,59,1,0,2,4,0,0,0
Botafogo,263,Rafael Navarro Leal,rafael-navarro,Rafael Navarro,5,6,0,2,0,0,0,0,0,0,0,0,0,0,0,0,0,0,0,0,0,0,0,0,0
Botafogo,263,Marcelo da Conceição Benevenuto Malaquias,marcelo-benevenuto,Marcelo Benevenuto,3,7,0,6.55,0,2.33,19,0,15,0,5,0,4,0,0,0,13,58,1,0,1,9,0,1,0
Botafogo,263,Eber Henrique Ferreira de Bessa,eber-bessa,Éber Bessa,4,6,3,2.94,0.37,1.36,5,0,6,0,0,0,0,0,0,0,10,18,0,0,1,3,0,0,0
Botafogo,263,Romildo Del Piage de Souza,romildo,Romildo,4,6,0,1,0,0,0,0,0,0,0,0,0,0,0,0,0,0,0,0,0,0,0,0,0
Botafogo,263,David Sousa Albino,david-sousa,David Sousa,3,6,0,1.1,0,0.38,5,0,1,0,0,0,0,0,0,0,0,6,0,0,0,0,0,0,0
Botafogo,263,Sebastião Ênio Santos de Almeida,enio,Ênio,4,6,0,1,0,1,1,0,0,0,0,0,0,0,0,0,0,0,0,0,0,0,0,0,0
Botafogo,263,Davi Machado dos Santos Araújo,davi-araujo,Davi Araújo,5,6,0,1.16,0,1.1,7,0,8,0,1,0,0,0,0,0,13,20,0,0,2,1,0,0,0
Botafogo,263,Carlos Enrique Rentería Olaya,renteria,Rentería,4,6,0,5.31,0,0.96,8,0,8,0,1,0,0,0,0,0,4,15,0,0,2,1,0,0,0
Botafogo,263,Hugo Gonçalves Ferreira Neto,hugo,Hugo,2,6,0,2.01,0,4.9,1,0,0,0,0,0,1,0,0,0,0,1,0,0,0,0,0,0,0
Botafogo,263,Gustavo Cascardo de Assis,cascardo,Cascardo,2,6,0,2,0,0,0,0,0,0,0,0,0,0,0,0,0,0,0,0,0,0,0,0,0
Botafogo,263,Fernando Peixoto Costanza,fernando,Fernando,2,6,0,3.2,0,3.15,2,0,1,0,1,0,1,0,0,0,1,7,0,0,0,0,0,0,0
Botafogo,263,Diego Terra Loureiro,diego-loureiro,Diego Loureiro,1,6,0,1,0,0,0,0,0,0,0,0,0,0,0,0,0,0,0,0,0,0,0,0,0
Botafogo,263,Lucas Barros da Cunha,lucas-barros,Lucas Barros,2,6,0,2,0,0,0,0,0,0,0,0,0,0,0,0,0,0,0,0,0,0,0,0,0
Botafogo,263,Rhuan Silveira Castro,rhuan,Rhuan,5,6,-2.5,2.46,-0.59,1.84,17,0,7,0,2,0,0,0,0,0,24,33,1,1,5,10,0,2,0
Botafogo,263,Alexander Lecaros Aragón,lecaros,Lecaros,5,6,0,2.33,0,0.05,2,0,0,0,0,0,0,0,0,0,1,4,0,0,0,0,0,0,0
Botafogo,263,Matheus Barcelos da Silva,matheus-babi,Matheus Babi,5,6,0,7.94,-0.14,3.85,21,0,47,0,5,0,0,0,0,0,52,85,1,2,8,9,6,8,0
Botafogo,263,Warley Leandro da Silva,warley,Warley,5,7,0.3,2.45,-1.06,1.3,6,0,7,0,1,0,0,0,0,0,6,7,0,0,1,1,1,0,0
Botafogo,263,Lucas da Silva Ribeiro Campos,lucas-campos,Lucas Campos,5,6,0,1.85,0,1.5,1,0,0,0,0,0,0,0,0,0,3,0,0,0,0,0,0,0,0
Botafogo,263,Andrew da Silva Ventura,andrew,Andrew,1,6,0,1,0,0,0,0,0,0,0,0,0,0,0,0,0,0,0,0,0,0,0,0,0
Botafogo,263,Wendel Lessa de Macedo Gonçalves,wendel,Wendel,4,6,0,1,0,0,0,0,0,0,0,0,0,0,0,0,0,0,0,0,0,0,0,0,0
Botafogo,263,Wesley Júnior da Silva Araújo,wesley,Wesley ,3,6,0,1,0,0,0,0,0,0,0,0,0,0,0,0,0,0,0,0,0,0,0,0,0
Botafogo,263,João Victor Vaz Lopes Pinto,vitinho,Vitinho,5,6,0,1,0,0,0,0,0,0,0,0,0,0,0,0,0,0,0,0,0,0,0,0,0
Botafogo,263,Maxuel De Cassio Da Silva,maxuel,Maxuel,5,6,0,1,0,0,0,0,0,0,0,0,0,0,0,0,0,0,0,0,0,0,0,0,0
Botafogo,263,Elivelton Guedes Alves da Silva,elivelton,Elivelton ,2,6,0,1,0,0,0,0,0,0,0,0,0,0,0,0,0,0,0,0,0,0,0,0,0
Botafogo,263,Caio Alexandre Souza e Silva,caio-alexandre,Caio Alexandre,4,7,3.2,6.52,0.33,2.81,21,0,30,0,5,0,0,0,0,0,33,99,0,0,5,11,4,3,0
Botafogo,263,César Coelho Campos Júnior,cesinha,Cesinha,4,6,0,1,0,0,0,0,0,0,0,0,0,0,0,0,0,0,0,0,0,0,0,0,0
Botafogo,263,Helerson Mateus do Nascimento,helerson,Helerson,3,6,-0.2,0.78,-0.22,-0.2,1,0,2,0,0,0,0,0,0,0,1,5,0,0,0,1,0,0,0
Botafogo,263,Kelvin Mateus de Oliveira,kelvin,Kelvin,5,5,0,3.33,0,1.07,3,0,3,0,0,0,0,0,0,0,6,15,0,0,1,0,0,0,0
Corinthians,264,Fagner Conserva Lemos,fagner,Fagner,2,7,7.7,11.82,-0.69,3.74,16,0,21,0,2,1,5,0,0,0,15,182,0,0,5,5,1,2,0
Corinthians,264,Fábio Santos Romeu,fabio-santos,Fábio Santos,2,7,12.2,8.06,1.19,5.52,9,0,6,0,0,0,6,0,0,0,3,47,0,0,0,1,1,0,0
Corinthians,264,Luan Guilherme de Jesus Vieira,luan,Luan,4,6,2.4,7.11,-0.27,2.34,13,0,11,0,1,0,0,0,0,0,12,85,1,1,4,7,1,0,0
Corinthians,264,Carlos Gilberto do Nascimento Silva,gil,Gil,3,7,5.5,6.6,-0.25,3.13,18,0,15,1,2,0,6,0,0,0,10,76,1,1,1,2,1,1,0
Corinthians,264,Cássio Roberto Ramos,cassio,Cássio,1,7,7.4,8.35,0.1,1.06,18,0,1,0,1,1,5,16,0,25,1,139,0,0,0,0,0,0,0
Corinthians,264,Cauê Vinicius dos Santos,caue,Cauê,5,6,0,1,0,0,0,0,0,0,0,0,0,0,0,0,0,0,0,0,0,0,0,0,0
Corinthians,264,Igor Marques Paciência Cardoso,igor-formiga,Igor Formiga,2,6,0,1,0,0,0,0,0,0,0,0,0,0,0,0,0,0,0,0,0,0,0,0,0
Corinthians,264,Vagner Carmo Mancini,vagner-mancini,Vagner Mancini,6,7,8.02,8.16,0.64,3.54,21,0,0,0,0,0,0,0,0,0,0,0,0,0,0,0,0,0,0
Corinthians,264,Michel Macedo Rocha Machado,michel,Michel,2,6,0,4.76,0,2.7,4,0,1,0,0,0,1,0,0,0,6,20,0,0,1,2,0,1,0
Corinthians,264,Rómulo Otero Vásquez,otero,Otero,4,7,12.4,12.23,2.48,3.54,11,0,16,0,5,1,0,0,0,0,32,72,1,2,9,11,1,1,0
Corinthians,264,Juan Ramón Cazares Sevillano,cazares,Cazares,4,7,3.1,9.12,-0.22,1.45,7,0,2,0,1,0,0,0,0,0,3,26,1,1,1,0,0,0,0
Corinthians,264,Mateus da Silva Vital Assumpção,mateus-vital,Mateus Vital,4,6,1,5.03,-0.29,2.07,10,0,1,0,2,0,0,0,0,0,16,18,0,0,3,3,1,0,0
Corinthians,264,Everaldo Silva do Nascimento,everaldo,Everaldo ,5,6,0,4.2,0,3.08,5,0,5,0,0,0,0,0,0,0,4,15,0,0,2,5,1,0,0
Corinthians,264,Éderson José dos Santos Lourenço da Silva,ederson,Éderson,4,6,0,5.18,0,2.26,13,0,12,0,0,0,0,0,0,0,15,30,0,0,3,3,0,0,0
Corinthians,264,Leonardo Rodrigues dos Santos,leo-santos,Léo Santos,3,6,0,2,0,0,0,0,0,0,0,0,0,0,0,0,0,0,0,0,0,0,0,0,0
Corinthians,264,Bruno Méndez Cittadini,bruno-mendez,Bruno Méndez,3,7,5.2,2.81,0.17,0.63,6,0,5,0,2,1,3,0,0,0,1,32,0,0,0,0,0,0,0
Corinthians,264,Matheus Alvarenga de Oliveira,davo,Davó,5,6,0,1.96,0,3.7,4,0,4,0,1,0,0,0,0,0,2,12,0,0,2,2,2,4,0
Corinthians,264,Thiago Beserra dos Santos,thiaguinho,Thiaguinho,4,6,0,3,0,0,0,0,0,0,0,0,0,0,0,0,0,0,0,0,0,0,0,0,0
Corinthians,264,Víctor Danilo Cantillo Jiménez,cantillo,Cantillo,4,5,8.4,6.35,1.57,1.65,13,0,14,0,2,0,0,0,0,0,12,41,2,0,2,4,0,0,0
Corinthians,264,Gustavo Henric da Silva,gustavo-mosquito,Gustavo Mosquito,5,6,3.3,3.24,0.37,1.73,13,0,8,0,0,0,0,0,0,0,13,34,0,0,2,5,1,0,0
Corinthians,264,Leonardo Natel Vieira,leo-natel,Léo Natel,5,2,3.6,4.57,0.64,1.93,16,0,26,0,1,0,0,0,0,0,11,69,1,0,5,8,2,4,0
Corinthians,264,Ángelo Giovanni Araos Llanos,araos,Araos,4,6,0,6.35,0,2.95,8,0,8,0,2,0,0,0,0,0,9,35,2,0,2,4,1,0,0
Corinthians,264,Danilo Fernando Avelar,danilo-avelar,Danilo Avelar,3,5,0,6.45,0,2.83,10,0,15,0,1,1,2,0,0,0,4,39,0,0,6,2,2,0,0
Corinthians,264,Guilherme Vicentini Castellani,guilherme,Guilherme,1,6,0,1,0,0,0,0,0,0,0,0,0,0,0,0,0,0,0,0,0,0,0,0,0
Corinthians,264,Lucas Piton Crivellaro,lucas-piton,Lucas Piton,2,6,5.7,5.22,0.26,3.11,13,0,14,0,1,0,4,0,0,0,8,104,2,0,2,3,0,0,0
Corinthians,264,Renê dos Santos Júnior,rene-junior,Renê Júnior,4,6,0,1.6,0,-0.7,3,0,5,0,0,1,0,0,0,0,2,4,0,0,0,1,0,0,0
Corinthians,264,João Vitor Xavier de Almeida,xavier,Xavier,4,2,0,1.1,0,1.72,5,0,9,0,2,0,0,0,0,0,1,14,1,0,1,1,0,0,0
Corinthians,264,Roni Medeiros de Moura,roni,Roni,4,6,0,0.78,0,-1.77,3,0,8,0,2,0,0,0,0,0,3,6,0,0,0,1,0,0,0
Corinthians,264,Ruan de Oliveira Ferreira,ruan,Ruan,4,5,0,1.22,0,0.77,4,0,2,0,0,0,0,0,0,0,2,7,0,0,0,1,0,0,0
Corinthians,264,Igor Morais Carvalho,igor,Igor,3,6,0,1,0,0,0,0,0,0,0,0,0,0,0,0,0,0,0,0,0,0,0,0,0
Corinthians,264,Raul Gustavo Pereira Bicalho,raul-gustavo,Raul Gustavo,3,6,0,1,0,0,0,0,0,0,0,0,0,0,0,0,0,0,0,0,0,0,0,0,0
Corinthians,264,Matheus Planelles Donelli,matheus-donelli,Matheus Donelli,1,6,0,1,0,0,0,0,0,0,0,0,0,0,0,0,0,0,0,0,0,0,0,0,0
Corinthians,264,Ronald Eugenio de Carvalho,ronald,Ronald,3,6,0,1,0,0,0,0,0,0,0,0,0,0,0,0,0,0,0,0,0,0,0,0,0
Corinthians,264,Gabriel Pereira dos Santos,gabriel-pereira,Gabriel Pereira,4,6,0,0.83,0,0.2,1,0,1,0,0,0,0,0,0,0,2,3,0,0,0,0,0,0,0
Corinthians,264,Jemerson de Jesus Nascimento,jemerson,Jemerson,3,6,0,7,0,0,0,0,0,0,0,0,0,0,0,0,0,0,0,0,0,0,0,0,0
Corinthians,264,Jonathan Renato Barbosa,jonathan-cafu,Jonathan Cafu,5,6,0,4.67,0,1.85,2,0,1,0,0,0,0,0,0,0,3,3,0,0,0,0,0,0,0
Corinthians,264,Marllon Gonçalves Jerônimo Borges,marllon,Marllon,3,6,0,4.7,0,2.2,6,0,5,0,0,1,3,0,0,0,1,10,0,0,1,0,0,0,0
Corinthians,264,Gustavo Mantuan,gustavo-mantuan,Gustavo Mantuan,4,5,0,2.9,0,1.7,3,0,4,0,0,0,0,0,0,0,4,9,0,0,1,1,0,0,0
Corinthians,264,Gabriel Girotto Franco,gabriel,Gabriel,4,7,5.9,5.38,-0.12,2.34,16,0,24,0,5,0,0,0,0,0,15,68,1,0,1,2,0,0,0
Corinthians,264,Walter Leandro Capeloza Artune,walter,Walter,1,6,0,8.21,0,17.9,1,0,0,0,2,0,1,4,0,0,0,11,0,0,0,0,0,0,0
Corinthians,264,João Alves de Assis Silva,jo,Jô,5,2,0,10.67,0,2.51,13,0,9,0,0,0,0,0,0,0,13,49,1,1,5,5,3,5,1
Corinthians,264,Mauro Boselli,boselli,Boselli,5,6,0,5.25,0,0.13,7,0,1,0,0,0,0,0,0,0,1,7,0,0,0,2,0,0,0
Corinthians,264,Guilherme de Aguiar Camacho,camacho,Camacho,4,2,4,3.29,0.67,0.74,12,0,16,0,2,0,0,0,0,0,2,22,0,1,1,1,0,0,0
Corinthians,264,Ramiro Moschen Benetti,ramiro,Ramiro,4,7,0.4,5.91,-0.74,2.23,15,0,28,0,5,0,0,0,0,0,12,95,1,1,3,6,1,1,0
Bahia,265,Gilberto Oliveira Souza Júnior,gilberto,Gilberto,5,7,4.7,8.88,0.65,3.77,18,0,16,0,2,0,0,0,0,0,27,61,1,1,19,18,3,5,1
Bahia,265,José Carlos Ferreira Júnior,juninho,Juninho,3,7,-0.5,7.43,-0.54,2.08,18,0,4,0,1,1,2,0,0,0,6,70,0,0,2,4,1,1,0
Bahia,265,Lucas Fonseca da Silva,lucas-fonseca,Lucas Fonseca,3,6,0,4.57,0,1.82,8,0,5,0,1,0,2,0,0,0,4,30,0,0,1,1,0,0,0
Bahia,265,Rodrigo Eduardo Costa Marinho,rodriguinho,Rodriguinho,4,6,4.7,14.16,-0.03,4.31,15,0,11,0,1,0,0,0,0,0,29,87,1,1,9,10,4,3,0
Bahia,265,Jefferson Gabriel Nascimento Brito,fessin,Fessin,4,6,0,2.01,-0.13,1.82,10,0,4,0,0,0,0,0,0,0,8,19,0,0,4,4,0,0,0
Bahia,265,Alesson dos Santos Batista,alesson,Alesson,4,6,0,0.96,0,0.49,8,0,5,0,1,0,0,0,0,0,7,14,0,0,1,2,0,1,0
Bahia,265,Matheus Bonifácio Saldanha Marinho,saldanha,Saldanha,5,6,0,2.19,0,1.23,13,0,6,0,1,0,0,0,0,0,7,16,0,1,1,8,1,3,0
Bahia,265,Gabriel Novaes Fernandes,gabriel-novaes,Gabriel Novaes,5,6,0.2,2.55,-0.25,0.8,2,0,2,0,0,0,0,0,0,0,1,1,0,0,1,0,0,0,0
Bahia,265,Lucimário Bezerra da Silva,lucimario,Lucimário,3,6,0,1,0,0,0,0,0,0,0,0,0,0,0,0,0,0,0,0,0,0,0,0,0
Bahia,265,Vinícius de Azevedo Barcellos,vinicius-barcellos,Vinícius Barcellos,3,6,0,1,0,0,0,0,0,0,0,0,0,0,0,0,0,0,0,0,0,0,0,0,0
Bahia,265,Anderson Vieira Martins,anderson-martins,Anderson Martins,3,2,0.4,4.61,-0.07,0.77,4,0,5,0,1,0,1,0,0,0,2,4,0,0,0,0,0,0,0
Bahia,265,Matheus Bahia Santos,matheus-bahia,Matheus Bahia,2,6,2,1.43,-0.54,2.76,5,0,9,0,1,0,0,0,0,0,4,29,1,0,2,1,0,0,0
Bahia,265,João Vitor Cézar do Prado,joao-vitor,João Vitor,4,6,0,1,0,0,0,0,0,0,0,0,0,0,0,0,0,0,0,0,0,0,0,0,0
Bahia,265,Hélio Júnior Rossi Francino,helio-junior,Hélio Júnior,2,6,0,2,0,0,0,0,0,0,0,0,0,0,0,0,0,0,0,0,0,0,0,0,0
Bahia,265,Jaques Bonfim Nazaré Neto,jaques,Jaques,3,6,0,1,0,0,0,0,0,0,0,0,0,0,0,0,0,0,0,0,0,0,0,0,0
Bahia,265,Thiago Eduardo de Andrade,thiago-andrade,Thiago Andrade,5,6,0,1,0,0,0,0,0,0,0,0,0,0,0,0,0,0,0,0,0,0,0,0,0
Bahia,265,Ramon Rodrigo de Carvalho,ramon,Ramon,4,7,0,0.82,0,-0.25,4,0,4,0,1,0,0,0,0,0,3,7,0,0,1,0,0,0,0
Bahia,265,Mateus Eduardo Claus,mateus-claus,Mateus Claus,1,6,0,3.77,0,7.9,2,0,0,0,0,0,0,6,0,4,0,2,0,0,0,0,0,0,0
Bahia,265,Edson Fernando da Silva Gomes,edson,Edson,4,7,0,0.8,0,0.81,8,0,3,0,2,0,0,0,0,0,11,33,0,0,0,1,0,0,0
Bahia,265,Edilson Matos dos Santos Júnior,edilson,Edilson,5,6,0,1,0,0,0,0,0,0,0,0,0,0,0,0,0,0,0,0,0,0,0,0,0
Bahia,265,Jeferson Douglas dos Santos Souza,jeferson-douglas,Jeferson Douglas,4,6,0,1,0,0,0,0,0,0,0,0,0,0,0,0,0,0,0,0,0,0,0,0,0
Bahia,265,Everson Bispo Pereira,everson,Everson,3,6,0,1,0,0,0,0,0,0,0,0,0,0,0,0,0,0,0,0,0,0,0,0,0
Bahia,265,Fabrício Oliveira de Souza,fabricio,Fabrício,1,6,0,1,0,0,0,0,0,0,0,0,0,0,0,0,0,0,0,0,0,0,0,0,0
Bahia,265,João Pedro Sacramento da Silva,joao-pedro-silva,João Pedro Silva,5,6,0,1,0,0,0,0,0,0,0,0,0,0,0,0,0,0,0,0,0,0,0,0,0
Bahia,265,Douglas do Espírito Santo Torres,douglas-borel,Douglas Borel,2,6,0,1,0,0,0,0,0,0,0,0,0,0,0,0,0,0,0,0,0,0,0,0,0
Bahia,265,Patrick de Lucca Chaves de Oliveira,patrick-de-lucca,Patrick de Lucca,4,6,0,1,0,0,0,0,0,0,0,0,0,0,0,0,0,0,0,0,0,0,0,0,0
Bahia,265,Elias Mendes Trindade,elias,Elias,4,6,0,5.94,0,-0.51,8,0,17,0,3,0,0,0,0,0,4,28,0,0,0,4,0,0,0
Bahia,265,Juan Pablo Ramírez Velásquez,juan-ramirez,Juan Ramírez,5,7,-3,0.78,-1.22,-3,1,0,6,0,1,0,0,0,0,0,1,5,0,0,1,1,0,0,0
Bahia,265,Matheus Henrique Teixeira,matheus-teixeira,Matheus Teixeira,1,6,0,1,0,0,0,0,0,0,0,0,0,0,0,0,0,0,0,0,0,0,0,0,0
Bahia,265,José Élber Pimentel da Silva,elber,Élber,5,7,0,8.65,0,3.63,17,0,8,0,0,0,0,0,0,0,36,87,2,1,8,8,2,7,0
Bahia,265,Elton Júnior Melo Ataíde,elton,Elton,4,6,0,3.66,0,1.3,3,0,2,0,0,0,0,0,0,0,2,1,0,0,0,0,0,0,0
Bahia,265,Anderson Pedro Nunes da Silva Campos,anderson,Anderson,1,6,0,0.82,0,-1.04,5,0,0,0,0,0,0,5,0,11,1,37,0,0,0,0,0,0,0
Bahia,265,Ernando Rodrigues Lopes,ernando,Ernando,3,7,-0.6,5.27,-0.64,1.94,15,0,14,0,0,0,2,0,0,0,4,47,1,0,3,3,1,0,0
Bahia,265,Severino do Ramo Clementino da Silva,nino-paraiba,Nino Paraíba,2,2,0.9,7.63,-0.11,2.58,17,0,16,0,2,0,2,0,0,0,14,140,2,0,3,2,0,1,0
Bahia,265,Douglas Alan Schuck Friedrich,douglas-friedrich,Douglas Friedrich,1,7,1.7,8.9,0.26,3.14,15,0,0,0,0,0,3,18,0,17,3,74,0,0,0,0,0,0,0
Bahia,265,Rosicley Pereira da Silva,rossi,Rossi,5,6,0.3,5.15,-0.05,1.65,18,0,11,0,3,0,0,0,0,0,22,116,0,0,6,7,2,2,0
Bahia,265,José Carlos Cracco Neto,zeca,Zeca,2,6,0.7,4.6,-1.43,2.39,7,0,3,0,1,0,1,0,0,0,0,22,0,0,1,4,1,0,0
Bahia,265,João Pedro Maturano dos Santos,joao-pedro,João Pedro ,2,6,0,4.26,0,-0.8,1,0,2,0,0,0,0,0,0,0,0,8,0,0,0,0,0,0,0
Bahia,265,Clayson Henrique da Silva Vieira,clayson,Clayson,5,6,1,5.08,-1,2.54,14,0,13,0,2,0,0,0,0,0,16,71,1,0,6,8,3,3,1
Bahia,265,Daniel Sampaio Simões,daniel,Daniel,4,6,0,4.51,0,2.37,17,0,11,0,3,0,0,0,0,0,23,69,1,1,2,5,3,0,0
Bahia,265,Ronaldo da Silva Souza,ronaldo,Ronaldo,4,6,4.4,3.7,0.59,1.63,12,0,24,0,4,0,0,0,0,0,11,41,1,0,0,4,0,0,0
Bahia,265,Luis Antônio da Rocha Júnior,juninho-capixaba,Juninho Capixaba,2,7,0,8.34,0,3.4,13,0,16,0,1,0,3,0,0,0,16,129,1,0,2,4,0,1,0
Bahia,265,Marco Antônio Rosa Furtado Júnior,marco-antonio,Marco Antônio,4,6,0,3.34,0,1.84,12,0,6,0,1,0,0,0,0,0,16,36,1,0,3,2,1,1,0
Bahia,265,Gregore de Magalhães da Silva,gregore,Gregore,4,7,-4.1,4.93,-1.28,1.08,17,0,51,0,8,1,0,0,0,0,13,90,2,0,4,7,0,0,0
Bahia,265,Luis Antônio Venker de Menezes,mano-menezes,Mano Menezes,6,7,1.16,6.86,-0.11,2.8,12,0,0,0,0,0,0,0,0,0,0,0,0,0,0,0,0,0,0
Fluminense,266,Danilo Carvalho Barcelos,danilo-barcelos,Danilo Barcelos,2,6,0,2.28,0,0.23,14,0,37,0,4,1,3,0,0,0,2,195,1,0,2,3,1,1,0
Fluminense,266,Anderson Luiz de Carvalho,nene,Nenê,4,6,3.9,13.16,-0.43,5.03,20,0,10,0,2,0,0,0,0,0,36,206,1,0,9,19,8,0,1
Fluminense,266,Marcos Paulo Costa do Nascimento,marcos-paulo,Marcos Paulo,5,6,2.4,6.34,-3.48,2.68,21,0,9,0,0,0,0,0,0,0,6,63,3,0,4,6,3,1,0
Fluminense,266,Wanderson Felippe Cardoso dos Santos,felippe-cardoso,Felippe Cardoso,5,6,0,1.75,0,0.54,15,0,18,0,2,0,0,0,0,0,10,27,0,0,5,4,1,7,0
Fluminense,266,Caio Fernando de Oliveira,caio-paulista,Caio Paulista,5,6,-1.2,3.6,-0.54,2.2,15,0,10,0,1,0,0,0,0,0,12,43,1,0,2,4,2,3,0
Fluminense,266,Michel Daryl Araújo Villar,michel-araujo,Michel Araújo ,4,6,3.6,6.87,-0.51,3.13,18,0,25,0,5,0,0,0,0,0,55,77,0,1,8,15,1,1,0
Fluminense,266,Hudson Rodrigues dos Santos,hudson,Hudson,4,6,2.1,5.62,0.47,1.88,16,0,30,1,2,1,0,0,0,0,17,63,2,0,4,3,0,3,0
Fluminense,266,Igor de Carvalho Julião,igor-juliao,Igor Julião,2,6,5.5,5.11,-0.3,2.94,17,0,39,0,5,0,4,0,0,0,30,113,3,0,1,7,0,2,0
Fluminense,266,Frederico Chaves Guedes,fred,Fred,5,6,-0.2,3.2,-0.2,1.92,13,0,15,0,3,0,0,0,0,0,21,44,2,0,4,2,2,2,0
Fluminense,266,Matheus Ferraz Pereira,matheus-ferraz,Matheus Ferraz,3,6,0.5,4.96,0.01,3.08,5,0,5,0,2,0,2,0,0,0,1,14,1,0,1,2,0,0,0
Fluminense,266,Muriel Gustavo Becker,muriel,Muriel,1,6,0,4.62,0,2.36,19,0,0,0,0,0,4,19,0,20,6,140,0,0,0,0,0,0,0
Fluminense,266,Wellington Alves da Silva,wellington-silva,Wellington Silva,5,6,7.6,5.14,1.21,2.36,17,0,11,0,6,0,0,0,0,0,31,42,1,0,1,5,3,2,0
Fluminense,266,Marcos Felipe de Freitas Monteiro,marcos-felipe,Marcos Felipe ,1,6,0.7,1.18,0.39,1.12,6,0,0,0,0,0,1,4,0,7,1,58,1,0,0,0,0,0,0
Fluminense,266,Luccas Claro dos Santos,luccas-claro,Luccas Claro,3,5,-1.7,5.7,-0.48,2.68,19,0,11,0,0,0,4,0,0,0,13,102,0,0,1,4,1,3,0
Fluminense,266,Egídio de Araújo Pereira Júnior,egidio,Egídio,2,6,4.4,9.6,0.17,4.19,13,0,17,0,1,0,1,0,0,0,10,173,3,0,5,1,0,1,0
Fluminense,266,Yuri Oliveira Lima,yuri-lima,Yuri Lima,4,6,-2.2,1.17,-1.02,0.84,11,0,19,0,3,0,0,0,0,0,6,33,0,0,3,3,0,0,0
Fluminense,266,Marcílio Florêncio Mota Filho,nino,Nino,3,6,0,5.83,0,3.33,19,0,14,0,2,0,3,0,0,0,29,77,0,0,0,4,2,0,0
Fluminense,266,Yago Felipe da Costa Rocha,yago-felipe,Yago Felipe,4,6,0.4,3.79,-0.02,1.94,17,0,21,0,3,0,0,0,0,0,21,58,0,0,3,6,1,1,0
Fluminense,266,Wesley Frazan Bernardo,frazan,Frazan,3,6,0,3,0,0,0,0,0,0,0,0,0,0,0,0,0,0,0,0,0,0,0,0,0
Fluminense,266,Douglas Moreira Fagundes,dodi,Dodi,4,6,0,11.12,0,4.12,19,0,23,0,3,0,0,0,0,0,34,58,0,0,4,10,1,0,0
Fluminense,266,Fernando José Pacheco Rivas,fernando-pacheco,Fernando Pacheco,5,6,0,2.6,0,0.6,11,0,8,0,1,0,0,0,0,0,9,27,0,1,1,2,0,4,0
Fluminense,266,Matheus Antonio Souza dos Santos,matheus-pato,Matheus Pato,5,6,0,2,0,0,0,0,0,0,0,0,0,0,0,0,0,0,0,0,0,0,0,0,0
Fluminense,266,Paulo Henrique Chagas de Lima,ganso,Ganso,4,6,-0.1,4.35,-0.17,1.77,17,0,8,0,2,0,0,0,0,0,8,54,2,0,2,4,1,0,0
Fluminense,266,Miguel Silveira dos Santos,miguel,Miguel,4,6,0,1.78,0,0.4,3,0,1,0,0,0,0,0,0,0,2,3,0,0,0,0,0,0,0
Fluminense,266,Luan de Freitas Molarinho Chagas,luan,Luan,3,6,0,1,0,0,0,0,0,0,0,0,0,0,0,0,0,0,0,0,0,0,0,0,0
Fluminense,266,André Trindade da Costa Neto,andre,André,4,6,0.5,0.84,0.05,0.37,6,0,5,0,2,0,0,0,0,0,3,8,0,0,0,0,0,0,0
Fluminense,266,Luiz Henrique André Rosa da Silva,luiz-henrique,Luiz Henrique,5,6,0,2.47,0,1.9,17,0,9,0,0,0,0,0,0,0,5,36,1,0,2,9,1,3,0
Fluminense,266,Matheus Martinelli Lima,martinelli,Martinelli,4,5,0,1.19,0,2.1,2,0,5,0,1,0,0,0,0,0,3,10,0,0,1,0,0,0,0
Fluminense,266,John Kennedy Batista de Souza,john-kennedy,John Kennedy,5,6,0,1,0,0,0,0,0,0,0,0,0,0,0,0,0,0,0,0,0,0,0,0,0
Fluminense,266,Pedro Felipe De Faria Rangel,pedro-rangel,Pedro Rangel,1,6,0,1,0,0,0,0,0,0,0,0,0,0,0,0,0,0,0,0,0,0,0,0,0
Fluminense,266,João Vitor Lopes da Silva,joao-lopes,João Lopes,1,6,0,2,0,0,0,0,0,0,0,0,0,0,0,0,0,0,0,0,0,0,0,0,0
Fluminense,266,Daniel Lima de Castro,daniel,Daniel,2,6,0,1.02,0,1,1,0,0,0,0,0,0,0,0,0,0,0,0,0,0,0,0,0,0
Fluminense,266,Guilherme Henrique da Silva,guilherme,Guilherme,2,6,0,1,0,0,0,0,0,0,0,0,0,0,0,0,0,0,0,0,0,0,0,0,0
Fluminense,266,Paulo Victor da Costa Miranda Alves,paulo-victor,Paulo Victor,4,6,0,1,0,0,0,0,0,0,0,0,0,0,0,0,0,0,0,0,0,0,0,0,0
Fluminense,266,Christian Henrique Mora De Oliveira Silva,christian,Christian,5,6,0,0.78,0,0,1,0,0,0,0,0,0,0,0,0,0,0,0,0,0,0,0,0,0
Fluminense,266,Higor Gabriel Fernandes Alves,higor,Higor,3,6,0,1,0,0,0,0,0,0,0,0,0,0,0,0,0,0,0,0,0,0,0,0,0
Fluminense,266,Wisney Junio Dias Carvalho,wisney,Wisney,2,6,0,2.64,0,2.45,2,0,0,0,0,0,1,0,0,0,0,1,0,0,0,0,0,0,0
Fluminense,266,Gabriel Teixeira Aragão,gabriel-teixeira,Gabriel Teixeira,4,6,0,1,0,0,0,0,0,0,0,0,0,0,0,0,0,0,0,0,0,0,0,0,0
Fluminense,266,Lucca Borges Brito,lucca,Lucca,5,6,0,4.77,0,2.96,5,0,5,0,0,0,0,0,0,0,8,11,0,0,2,0,1,2,0
Fluminense,266,Denilson Rodrigues Roldão,denilson,Denilson,4,6,0,1,0,0,0,0,0,0,0,0,0,0,0,0,0,0,0,0,0,0,0,0,0
Fluminense,266,Lucas Felipe Calegari,calegari,Calegari,2,6,0,6.21,0,6.18,10,0,10,0,0,0,2,0,0,0,27,80,0,0,2,3,0,1,0
Fluminense,266,Marco Aurélio de Oliveira Breves,marcao,Marcão,6,6,2.38,8.98,-1.03,2.38,1,0,0,0,0,0,0,0,0,0,0,0,0,0,0,0,0,0,0
Fluminense,266,Mateus Nascimento Soares,nascimento,Nascimento,4,6,0,1.31,0,2.8,1,0,0,0,0,0,0,0,0,0,0,2,0,0,0,0,0,0,0
Vasco,267,Germán Ezequiel Cano,cano,Cano,5,7,12.6,14.84,0.99,5.87,19,0,18,0,0,0,0,0,0,0,13,47,0,1,13,10,11,7,0
Vasco,267,Fernando Miguel Kaufmann,fernando-miguel,Fernando Miguel,1,7,1.8,7.95,1.56,1.99,20,0,0,0,0,0,5,18,2,29,4,149,0,0,0,0,0,0,0
Vasco,267,Glaybson Yago Souza Lisboa,yago-pikachu,Yago Pikachu,2,6,0,6.73,0,2.38,13,0,14,0,3,0,3,0,0,0,21,90,0,1,2,5,0,2,0
Vasco,267,Andrey Ramos do Nascimento,andrey,Andrey,4,7,0,6.46,0,3.11,15,0,34,0,6,1,0,0,0,0,30,65,2,0,4,3,0,0,0
Vasco,267,Marcos Antônio Cândido Ferreira Júnior,marcos-junior,Marcos Júnior,4,7,4.3,4.05,0.62,2.33,13,0,12,0,0,0,0,0,0,0,15,37,1,0,0,2,0,0,0
Vasco,267,Vinícius dos Santos de Oliveira Paiva,vinicius,Vinícius,5,2,1,2.84,-0.24,0.7,12,0,5,0,1,0,0,0,0,0,9,29,0,0,2,1,1,4,0
Vasco,267,Talles Magno Bacelar Martins,talles-magno,Talles Magno,5,3,0.4,9.66,-0.18,3.49,19,0,18,0,3,1,0,0,0,0,47,83,2,2,4,12,2,4,0
Vasco,267,Ricardo Queiroz de Alencastro Graça,ricardo,Ricardo,3,6,0,6.91,0,2.57,14,0,10,0,2,0,4,0,0,0,7,39,0,0,1,4,0,0,0
Vasco,267,Henrique Silva Milagres,henrique,Henrique,2,7,-0.8,5.74,-0.68,1.57,16,0,27,0,5,0,3,0,0,0,15,96,0,0,2,0,0,3,0
Vasco,267,Martín Nicolás Benítez,benitez,Benítez,4,7,4.4,9.36,0.51,3.49,17,0,19,0,3,0,0,0,0,0,38,151,1,0,8,10,1,2,0
Vasco,267,Gabriel Fortes Chaves,gabriel-pec,Gabriel Pec,4,6,0,2.42,0,0.76,5,0,6,0,2,0,0,0,0,0,7,13,0,0,1,3,0,0,0
Vasco,267,Tiago Rodrigues dos Reis,tiago-reis,Tiago Reis,5,6,0,2.3,0,-0.45,4,0,3,0,1,0,0,0,0,0,1,3,0,0,0,0,0,1,0
Vasco,267,Fellipe Ramos Ignez Bastos,fellipe-bastos,Fellipe Bastos,4,6,0,8.69,0,3.28,14,0,23,0,4,0,0,0,0,0,5,56,0,1,3,5,4,0,0
Vasco,267,Werley Ananias da Silva,werley,Werley,3,6,0,4.16,0,5.6,1,0,0,0,0,0,1,0,0,0,0,4,0,0,0,0,0,0,0
Vasco,267,Lucas Ribamar Lopes dos Santos Bibiano,ribamar,Ribamar,5,2,0,4.23,-0.12,1.77,14,0,11,0,1,0,0,0,0,0,7,17,0,0,3,3,3,5,0
Vasco,267,Lucas Santos da Silva,lucas-santos,Lucas Santos,4,6,0,0.99,0,-1,3,0,1,0,1,0,0,0,0,0,0,5,0,0,0,0,0,0,0
Vasco,267,Leandro Castan da Silva,leandro-castan,Leandro Castan,3,7,-1.6,11.51,-0.48,2.39,15,0,17,0,2,0,3,0,0,0,15,62,0,0,1,1,0,0,0
Vasco,267,Ulisses Wilson Jeronymo Rocha ,ulisses,Ulisses,3,6,0,2,0,0,0,0,0,0,0,0,0,0,0,0,0,0,0,0,0,0,0,0,0
Vasco,267,Matheus dos Santos Miranda,miranda,Miranda,3,6,0,3.34,0,1.56,17,0,18,0,1,0,2,0,0,0,11,91,0,0,0,1,0,0,0
Vasco,267,Vivaldo Borges dos Santos Neto,neto-borges,Neto Borges,2,3,1.5,4.31,0.14,2.82,13,0,14,0,3,0,3,0,0,0,14,71,1,0,3,2,0,1,0
Vasco,267,Breno Vinícius Rodrigues Borges,breno,Breno,3,5,0,6,0,0,0,0,0,0,0,0,0,0,0,0,0,0,0,0,0,0,0,0,0
Vasco,267,Ramon de Morais Motta ,ramon,Ramon,2,5,0,7,0,0,0,0,0,0,0,0,0,0,0,0,0,0,0,0,0,0,0,0,0
Vasco,267,Marcelo Alves Santos,marcelo-alves,Marcelo Alves,3,2,0,2.05,0,2.73,6,0,8,0,0,0,2,0,0,0,2,16,0,0,0,0,0,0,0
Vasco,267,Leonardo Roque Albano Gil,leo-gil,Léo Gil,4,3,3.1,5.72,-0.28,3.08,7,0,11,0,3,0,0,0,0,0,14,47,3,0,2,3,0,0,0
Vasco,267,Carlos Vinícius Santos de Jesus,carlinhos,Carlinhos,4,6,0.3,3.82,-0.19,1.35,15,0,11,0,0,0,0,0,0,0,14,61,1,0,1,7,0,0,0
Vasco,267,Andrey Nascimento dos Santos,andrey-dos-santos,Andrey dos Santos,4,6,0,1,0,0,0,0,0,0,0,0,0,0,0,0,0,0,0,0,0,0,0,0,0
Vasco,267,Alexander Silva de Lucena,alexander,Alexander,1,6,0,3,0,0,0,0,0,0,0,0,0,0,0,0,0,0,0,0,0,0,0,0,0
Vasco,267,Ygor de Oliveira Ferreira,ygor-catatau,Ygor Catatau,5,6,0,2.39,0,1.64,10,0,6,0,1,0,0,0,0,0,8,25,1,0,0,3,1,1,0
Vasco,267,Cayo Henrique Nascimento Ferreira,cayo-tenorio,Cayo Tenório,2,6,0,3.86,0,3.06,8,0,8,0,3,0,3,0,0,0,14,33,1,0,1,2,0,0,0
Vasco,267,Riquelme Carvalho Araújo Viana,riquelme,Riquelme,2,6,0,1,0,0,0,0,0,0,0,0,0,0,0,0,0,0,0,0,0,0,0,0,0
Vasco,267,Lucas Alexandre Galdino de Azevedo,lucao,Lucão,1,6,0,0.76,0,-2.2,2,0,0,0,0,0,0,2,0,5,0,24,0,0,0,0,0,0,0
Vasco,267,Toko Filipe Batucissa António,toko-filipe,Toko Filipe,5,6,0,2,0,0,0,0,0,0,0,0,0,0,0,0,0,0,0,0,0,0,0,0,0
Vasco,267,Kaio Magno Bacelar Martins,kaio-magno,Kaio Magno,5,6,0,2,0,0,0,0,0,0,0,0,0,0,0,0,0,0,0,0,0,0,0,0,0
Vasco,267,Bruno Gomes da Silva Clevelário,bruno-gomes,Bruno Gomes,4,6,0,2.66,0,0.57,10,0,15,0,2,2,0,0,0,0,20,36,0,0,1,2,0,0,0
Vasco,267,Jadson Cristiano Silva de Morais,jadson,Jadson,3,2,0.7,4.54,-0.38,2.67,3,0,1,0,2,0,1,0,0,0,1,8,0,0,0,1,0,0,0
Vasco,267,Alexandre de Almeida da Silva Júnior,juninho,Juninho,4,6,0,3.04,0,1.77,6,0,0,0,0,0,0,0,0,0,3,17,1,0,0,1,0,0,0
Vasco,267,Leonardo de Matos Cruz,leo-matos,Léo Matos,2,7,-0.8,4.64,-0.51,1.22,6,0,11,0,4,0,1,0,0,0,5,60,0,0,2,3,1,1,0
Vasco,267,Ricardo Manuel Andrade Silva Sá Pinto,ricardo-sa-pinto,Ricardo Sá Pinto,6,7,2.29,7.57,0.25,2.48,7,0,0,0,0,0,0,0,0,0,0,0,0,0,0,0,0,0,0
Vasco,267,Gustavo Adolfo Torres Grueso,gustavo-torres,Gustavo Torres,5,7,-1.7,4.11,-0.28,1.18,6,0,10,0,1,0,0,0,0,0,3,23,1,0,2,5,0,1,0
Palmeiras,275,Luiz Adriano de Souza da Silva,luiz-adriano,Luiz Adriano,5,6,0,11.27,0,4.42,16,0,16,0,1,0,0,0,0,0,15,40,1,0,5,6,7,1,1
Palmeiras,275,Willian Gomes de Siqueira,willian,Willian,5,7,12,11.85,0.7,3.67,21,0,14,0,0,0,0,0,0,0,20,38,2,0,6,13,6,8,1
Palmeiras,275,Felipe Melo de Carvalho,felipe-melo,Felipe Melo,3,5,0,7.76,0,3.73,8,0,9,0,3,0,3,0,0,0,8,35,0,0,0,1,0,0,0
Palmeiras,275,José Rafael Vivian,ze-rafael,Zé Rafael,4,2,0,9.7,0,2.83,18,0,35,0,5,2,0,0,0,0,34,64,3,0,4,9,2,0,0
Palmeiras,275,Gustavo Raúl Gómez Portillo,gustavo-gomez,Gustavo Gómez,3,7,5.9,12.03,0.25,3.49,15,0,19,0,3,1,6,0,0,0,14,47,1,0,2,4,1,8,0
Palmeiras,275,Weverton Pereira da Silva,weverton,Weverton,1,7,12.5,9.67,2.46,2.03,19,0,0,0,0,0,7,13,0,17,1,156,0,0,0,0,0,0,0
Palmeiras,275,Lucas Rafael Araújo Lima,lucas-lima,Lucas Lima,4,6,0,4.41,0,1.08,18,0,21,0,5,0,0,0,0,0,26,127,1,1,5,4,0,1,0
Palmeiras,275,Marcos Luis Rocha Aquino,marcos-rocha,Marcos Rocha,2,2,2.4,7.72,0,2.79,14,0,16,0,2,0,4,0,0,0,12,119,0,0,0,1,0,0,0
Palmeiras,275,Luan Garcia Teixeira,luan,Luan,3,7,6.4,6.43,0.84,2.7,18,0,11,0,4,0,7,0,0,0,11,66,0,0,0,4,0,2,0
Palmeiras,275,Fabricio do Nascimento Biato,fabricio,Fabrício,5,6,0,1.54,0,1.6,1,0,1,0,0,0,0,0,0,0,3,2,0,0,0,1,0,0,0
Palmeiras,275,Emerson Raymundo Santos,emerson-santos,Emerson Santos,3,6,6,4.25,1.24,2.35,6,0,7,0,2,0,3,0,0,0,5,31,0,0,1,0,0,0,0
Palmeiras,275,Gustavo Henrique Furtado Scarpa,gustavo-scarpa,Gustavo Scarpa,4,7,2.4,6,-0.34,1.9,13,0,8,0,2,0,0,0,0,0,9,77,2,1,7,8,0,0,0
Palmeiras,275,Raphael Cavalcante Veiga,raphael-veiga,Raphael Veiga,4,7,14.2,11.47,0.78,6.1,15,0,16,0,1,0,0,0,0,0,23,86,1,0,6,11,8,1,0
Palmeiras,275,Ronielson da Silva Barbosa,rony,Rony,5,6,8.4,10.91,-0.86,3.49,16,0,31,0,2,0,0,0,0,0,25,67,0,0,10,12,4,8,0
Palmeiras,275,Luan Silva dos Santos,luan-silva,Luan Silva,5,5,0,2,0,0,0,0,0,0,0,0,0,0,0,0,0,0,0,0,0,0,0,0,0
Palmeiras,275,Gabriel Veron Fonseca de Souza,gabriel-veron,Gabriel Veron,5,7,0,5.81,0,3.13,13,0,14,0,1,0,0,0,0,0,12,41,1,0,2,3,3,2,0
Palmeiras,275,Jailson Marcelino dos Santos,jailson,Jailson,1,6,0,3.32,0,-0.4,4,0,0,0,1,0,1,2,0,5,0,26,0,0,0,0,0,0,0
Palmeiras,275,Renan Victor da Silva,renan,Renan,2,6,0,1.01,0,2.07,3,0,8,0,1,0,1,0,0,0,2,18,0,0,0,0,0,0,0
Palmeiras,275,Gabriel Silva Vieira,gabriel-silva,Gabriel Silva,4,6,1.6,0.91,0.12,0.12,7,0,5,0,1,0,0,0,0,0,1,7,0,0,0,5,0,1,0
Palmeiras,275,Vinicius Silvestre da Costa,vinicius-silvestre,Vinicius Silvestre,1,6,0,3,0,0,0,0,0,0,0,0,0,0,0,0,0,0,0,0,0,0,0,0,0
Palmeiras,275,Lucas Esteves de Souza,esteves,Esteves,2,6,0,1.4,0,-0.57,3,0,4,0,1,0,0,0,0,0,2,17,0,0,0,0,0,0,0
Palmeiras,275,Matías Nicolás Viña Susperreguy,vina,Viña,2,7,6.4,9.5,0.98,5.44,15,0,17,0,3,0,6,0,0,0,21,117,2,0,2,5,0,2,0
Palmeiras,275,Patrick de Paula Carreiro,patrick-de-paula,Patrick de Paula,4,5,0,7.17,0,4,17,0,22,0,1,0,0,0,0,0,21,90,1,1,8,11,2,0,0
Palmeiras,275,Wesley Ribeiro Silva,wesley,Wesley,5,5,0,6.73,0,4.59,13,0,16,0,2,0,0,0,0,0,22,49,2,2,9,11,2,4,0
Palmeiras,275,Gabriel Vinícius Menino,gabriel-menino,Gabriel Menino,4,7,10.1,7.29,1.16,3.36,18,0,24,0,5,0,0,0,0,0,37,137,4,0,5,12,0,4,0
Palmeiras,275,Ramon César Cirino,ramon-cesar,Ramon César,4,6,0,1,0,0,0,0,0,0,0,0,0,0,0,0,0,0,0,0,0,0,0,0,0
Palmeiras,275,Danilo dos Santos de Oliveira,danilo,Danilo,4,7,0,1.68,0,1.05,10,0,5,0,3,0,0,0,0,0,6,22,0,0,1,5,0,0,0
Palmeiras,275,Benjamín Kuscevic Jaramillo,kuscevic,Kuscevic,3,6,10,7.26,2.02,6,2,0,2,0,0,0,1,0,0,0,2,2,0,1,1,0,0,0,0
Palmeiras,275,Abel Fernando Moreira Ferreira,abel-ferreira,Abel Ferreira,6,7,9.97,13.65,1.72,5.43,6,0,0,0,0,0,0,0,0,0,0,0,0,0,0,0,0,0,0
Palmeiras,275,Alan Pereira Empereur,alan-empereur,Alan Empereur,3,6,2.9,6.16,0.3,3.2,3,0,3,0,1,0,2,0,0,0,1,4,0,0,0,0,0,0,0
Palmeiras,275,Ramon Ricardo da Rocha,ramon,Ramon,2,6,0,1,0,0,0,0,0,0,0,0,0,0,0,0,0,0,0,0,0,0,0,0,0
Palmeiras,275,Marino Hinestroza Angulo,marino,Marino,5,6,0,1,0,0,0,0,0,0,0,0,0,0,0,0,0,0,0,0,0,0,0,0,0
Palmeiras,275,Breno Henrique Vasconcelos Lopes,breno-lopes,Breno Lopes,5,6,2,3.15,0.4,0.22,4,0,1,0,0,0,0,0,0,0,1,6,0,0,0,0,0,1,0
Palmeiras,275,Jean Carlos Quiñónez Preciado,quinonez,Quiñonez,4,6,0,1,0,0,0,0,0,0,0,0,0,0,0,0,0,0,0,0,0,0,0,0,0
Palmeiras,275,Aníbal Gabriel Vega da Silva,anibal,Aníbal,5,6,0,1,0,0,0,0,0,0,0,0,0,0,0,0,0,0,0,0,0,0,0,0,0
Palmeiras,275,Pedro Acácio Monteiro da Silva,pedro-acacio,Pedro Acácio,5,6,0,1,0,0,0,0,0,0,0,0,0,0,0,0,0,0,0,0,0,0,0,0,0
Palmeiras,275,Carlos Eduardo Barbosa da Silva,carlos-eduardo,Carlos Eduardo,3,6,0,1,0,0,0,0,0,0,0,0,0,0,0,0,0,0,0,0,0,0,0,0,0
Palmeiras,275,Hugo Lorenzo Quintana Escobar,hugo-quintana,Hugo Quintana,4,6,0,1,0,0,0,0,0,0,0,0,0,0,0,0,0,0,0,0,0,0,0,0,0
Palmeiras,275,Adriano Reis Nantes Junior,juninho,Juninho,4,6,0,1,0,0,0,0,0,0,0,0,0,0,0,0,0,0,0,0,0,0,0,0,0
Palmeiras,275,Vanderlan Barbosa da Silva,vanderlan,Vanderlan,2,6,0,1,0,0,0,0,0,0,0,0,0,0,0,0,0,0,0,0,0,0,0,0,0
Palmeiras,275,Érick Alexander Pluas Vera,pluas,Pluas,4,6,0,1,0,0,0,0,0,0,0,0,0,0,0,0,0,0,0,0,0,0,0,0,0
Palmeiras,275,Victor Hugo Baptista Mafra,vitinho,Vitinho,4,6,0,1,0,0,0,0,0,0,0,0,0,0,0,0,0,0,0,0,0,0,0,0,0
Palmeiras,275,Leandro Matheus dos Anjos Conceição de Oliveira,leandro,Leandro,1,6,0,1,0,0,0,0,0,0,0,0,0,0,0,0,0,0,0,0,0,0,0,0,0
Palmeiras,275,Helderson Tavares Santos,helder,Helder,3,6,0,1,0,0,0,0,0,0,0,0,0,0,0,0,0,0,0,0,0,0,0,0,0
Palmeiras,275,Mateus Oliveira Mendes,mateus,Mateus,1,6,0,1,0,0,0,0,0,0,0,0,0,0,0,0,0,0,0,0,0,0,0,0,0
Palmeiras,275,Marcelo José de Lima Filho,marcelinho,Marcelinho,5,6,0,1.36,0,2.7,1,0,1,0,0,0,0,0,0,0,0,2,0,0,0,3,0,0,0
Palmeiras,275,Mayke Rocha de Oliveira,mayke,Mayke,2,6,6.5,6.15,1.03,2.04,12,0,13,0,2,1,3,0,0,0,10,61,0,0,0,2,0,1,0
São Paulo,276,Luan Vinícius da Silva Santos ,luan,Luan,4,6,-0.7,3.34,-0.24,1.19,14,0,15,0,4,0,0,0,0,0,7,26,0,0,2,1,0,0,0
São Paulo,276,Walce da Silva Costa Filho,walce,Walce,3,5,0,4,0,0,0,0,0,0,0,0,0,0,0,0,0,0,0,0,0,0,0,0,0
São Paulo,276,Bruno Fabiano Alves,bruno-alves,Bruno Alves,3,6,1.5,8.03,-0.98,3.04,14,0,15,0,1,0,5,0,0,0,21,37,0,0,0,4,0,0,0
São Paulo,276,Fernando Diniz Silva,fernando-diniz,Fernando Diniz,6,6,1.85,9.49,-0.5,3.84,21,0,0,0,0,0,0,0,0,0,0,0,0,0,0,0,0,0,0
São Paulo,276,Tiago Luis Volpi,tiago-volpi,Tiago Volpi,1,6,1.5,12.94,-0.57,3.95,21,0,0,0,1,0,6,20,3,20,4,139,1,0,0,0,0,0,0
São Paulo,276,Rodrigo dos Santos de Freitas,rodrigo-freitas,Rodrigo Freitas,3,6,0,1,0,0,0,0,0,0,0,0,0,0,0,0,0,0,0,0,0,0,0,0,0
São Paulo,276,Paulo Henrique Pereira da Silva,paulinho-boia,Paulinho Bóia,5,6,0,4.79,0,3.1,9,0,8,0,0,0,0,0,0,0,18,22,0,2,4,6,0,3,0
São Paulo,276,Juan Francisco Torres Belén,juanfran,Juanfran,2,6,-0.4,5.95,-0.79,2.72,11,0,7,0,2,0,3,0,0,0,6,54,1,0,1,2,0,0,0
São Paulo,276,Igor Vinícius de Souza,igor-vinicius,Igor Vinícius,2,6,2.3,5.71,-0.53,2.45,15,0,30,0,4,0,4,0,0,0,11,84,2,0,4,6,0,0,0
São Paulo,276,Pablo Felipe Teixeira,pablo,Pablo,5,6,2.9,7.52,0.02,1.78,17,0,22,0,1,0,0,0,0,0,14,33,1,0,5,17,1,8,0
São Paulo,276,Anderson Hernanes de Carvalho Andrade Lima,hernanes,Hernanes,4,6,1,7.4,0.31,1.75,11,0,12,0,3,0,0,0,0,0,14,30,0,0,5,4,1,0,0
São Paulo,276,Brenner Souza da Silva,brenner,Brenner,5,6,2.1,6.36,0.17,4.86,17,0,14,0,3,0,0,0,0,0,26,30,1,1,10,14,6,5,0
São Paulo,276,Leonardo Pinheiro da Conceição,leo,Léo,2,6,0,3.72,0,1.49,14,0,9,0,2,0,2,0,0,0,13,69,1,0,0,1,0,0,0
São Paulo,276,Welington Damascena Santos,wellington,Wellington ,2,6,0,1,0,0,0,0,0,0,0,0,0,0,0,0,0,0,0,0,0,0,0,0,0
São Paulo,276,Vitor Frezarin Bueno,vitor-bueno,Vitor Bueno,4,6,1.1,7.27,0.17,2.45,18,0,6,0,2,0,0,0,0,0,20,67,1,0,8,9,2,2,0
São Paulo,276,Igor Silveira Gomes,igor-gomes,Igor Gomes,4,6,1.5,3.78,0.3,1.26,21,0,26,0,2,0,0,0,0,0,22,86,1,0,8,6,1,1,0
São Paulo,276,Antonio Javier Galeano Ferreira,galeano,Galeano,5,6,0,1,0,0,0,0,0,0,0,0,0,0,0,0,0,0,0,0,0,0,0,0,0
São Paulo,276,Igor Matheus Liziero Pereira ,liziero,Liziero,4,5,0,4.4,0,1.02,5,0,7,0,1,0,0,0,0,0,4,44,0,0,2,2,0,0,0
São Paulo,276,Danilo das Neves Pinheiro,tche-tche,Tchê Tchê,4,6,-0.3,7.26,-0.05,2,19,0,13,0,2,0,0,0,0,0,22,61,0,0,6,8,1,0,0
São Paulo,276,Lucas Estella Perri,lucas-perri,Lucas Perri,1,5,0,1.1,0,-2,0,0,0,0,1,0,0,0,0,0,0,0,0,0,0,0,0,0,0
São Paulo,276,Dênis de Oliveira Aguiar Júnior,junior,Júnior,1,6,0,1,0,0,0,0,0,0,0,0,0,0,0,0,0,0,0,0,0,0,0,0,0
São Paulo,276,Santiago Tréllez Vivero,trellez,Tréllez,5,6,0,2.82,0,0.25,4,0,0,0,0,0,0,0,0,0,1,3,0,0,0,1,0,0,0
São Paulo,276,Diego Henrique Costa Barbosa,diego,Diego,3,6,0,3.8,0,2.58,14,0,29,0,2,0,4,0,0,0,14,62,0,0,3,4,0,0,0
São Paulo,276,Thiago Couto Wenceslau,thiago-couto,Thiago Couto,1,6,0,1,0,0,0,0,0,0,0,0,0,0,0,0,0,0,0,0,0,0,0,0,0
São Paulo,276,Gonzalo Rodrigo Carneiro Méndez,gonzalo-carneiro,Gonzalo Carneiro,5,6,0,3.01,0,1.93,3,0,2,0,0,0,0,0,0,0,0,2,1,0,0,0,0,0,0
São Paulo,276,Luciano da Rocha Neves,luciano,Luciano,5,6,1.8,9.74,-1.59,6.48,19,0,23,0,3,0,0,0,0,0,32,88,1,1,5,11,11,5,0
São Paulo,276,Gabriel Davi Gomes Sara,gabriel-sara,Gabriel Sara,4,6,4.9,5,0.39,2.96,20,0,23,0,5,0,0,0,0,0,23,125,1,0,6,18,4,4,0
São Paulo,276,Patryck Lanza dos Reis,patryck,Patryck,2,6,0,1,0,0,0,0,0,0,0,0,0,0,0,0,0,0,0,0,0,0,0,0,0
São Paulo,276,Daniel Alves da Silva,daniel-alves,Daniel Alves,4,6,-2.9,9.9,-1.48,1.52,15,0,38,0,7,0,0,0,0,0,26,179,2,0,4,15,1,2,0
São Paulo,276,Reinaldo Manoel da Silva,reinaldo,Reinaldo,2,6,2.3,13.79,-0.56,5,19,0,24,0,3,0,6,0,0,0,18,247,3,0,10,7,4,0,0
São Paulo,276,Joao Robin Rojas Mendoza,joao-rojas,Joao Rojas,5,6,0,6,0,0,0,0,0,0,0,0,0,0,0,0,0,0,0,0,0,0,0,0,0
São Paulo,276,Jonas Gabriel da Silva Nunes,toro,Toró,5,6,0,3.33,0,1.54,5,0,0,0,0,0,0,0,0,0,1,4,1,0,0,2,0,0,0
São Paulo,276,Rodrigo Nestor Bertalia,rodrigo-nestor,Rodrigo Nestor,4,6,0,1.79,0,0.43,3,0,2,0,1,0,0,0,0,0,1,4,0,0,1,0,0,0,0
São Paulo,276,Robert Abel Arboleda Escobar,arboleda,Arboleda,3,6,1.7,8.75,-0.11,3.43,8,0,8,0,2,0,3,0,0,0,3,24,0,0,4,2,1,0,0
Santos,277,Lucas Veríssimo da Silva,lucas-verissimo,Lucas Veríssimo,3,6,0,7.4,0,2.2,15,0,23,0,6,0,2,0,0,0,7,90,1,0,4,4,1,2,0
Santos,277,Vladimir Orlando Cardoso de Araújo Filho,vladimir,Vladimir,1,6,0,6.43,0,2.93,3,0,0,0,0,0,0,4,0,3,0,12,0,0,0,0,0,0,0
Santos,277,Mário Sérgio Santos Costa,marinho,Marinho,5,2,0,26.03,0,10.6,20,0,28,0,4,0,0,0,0,0,95,115,6,1,17,25,14,17,0
Santos,277,Yeferson Julio Soteldo Martínez,soteldo,Soteldo,5,6,0,6.32,0,3.07,16,0,11,0,6,0,0,0,0,0,30,118,3,0,7,13,3,3,0
Santos,277,Marcos Rogério Ricci Lopes,para,Pará,2,6,0,7.23,0,2.03,19,0,28,0,3,0,4,0,0,0,20,126,0,0,2,10,0,2,0
Santos,277,Felipe Jonatan Rocha Andrade,felipe-jonatan,Felipe Jonatan,2,7,0.9,11.53,-0.3,4.21,23,0,26,0,5,0,4,0,0,0,25,189,1,0,3,13,2,1,0
Santos,277,Alison Lopes Ferreira,alison,Alison,4,7,1.4,7.79,-0.38,1.46,12,0,18,0,2,2,0,0,0,0,16,53,1,0,0,1,0,0,0
Santos,277,Jonathan Copete Valencia,copete,Copete,5,6,0,4,0,0,0,0,0,0,0,0,0,0,0,0,0,0,0,0,0,0,0,0,0
Santos,277,Jean Mota Oliveira de Sousa,jean-mota,Jean Mota,4,2,3.7,4.36,0.65,1.68,17,0,21,0,1,0,0,0,0,0,16,65,1,1,6,8,0,0,0
Santos,277,Madson Ferreira dos Santos,madson,Madson,2,7,6.5,6.89,1.22,3.74,18,0,6,0,2,0,2,0,0,0,12,124,4,1,4,0,4,2,0
Santos,277,Luiz Felipe do Nascimento dos Santos,luiz-felipe,Luiz Felipe,3,7,0.4,3.57,-0.03,1.57,7,0,4,0,0,0,1,0,0,0,3,25,0,0,0,0,0,0,0
Santos,277,Luan Peres Petroni,luan-peres,Luan Peres ,3,3,0,6.18,0,2.14,21,0,7,0,2,1,4,0,0,0,20,112,1,0,1,3,0,0,0
Santos,277,Raniel Santana de Vasconcelos,raniel,Raniel,5,5,0,5.16,0,2.95,4,0,7,0,0,0,0,0,0,0,11,7,0,0,2,2,0,3,0
Santos,277,Jobson Souza Santos,jobson,Jobson,4,6,0,3.4,0,1.41,17,0,32,0,6,0,0,0,0,0,15,101,1,0,1,3,1,2,0
Santos,277,Diego Cristiano Evaristo,diego-pituca,Diego Pituca,4,7,0,8.33,0,2.43,22,0,29,0,3,0,0,0,0,0,31,101,0,0,4,6,1,2,0
Santos,277,John Victor Maciel Furtado,john-victor,John Victor,1,7,0,1.21,0,3.3,4,0,0,0,0,0,1,5,0,5,3,33,0,0,0,0,0,0,0
Santos,277,Arthur Gomes Lourenço,arthur-gomes,Arthur Gomes,5,6,0,3.83,0,1.17,14,0,16,0,1,1,0,0,0,0,12,61,0,0,8,3,1,1,0
Santos,277,João Paulo Silva Martins,joao-paulo,João Paulo,1,6,-9.3,5.56,-1.63,3.03,19,0,1,0,2,0,3,27,0,25,2,120,0,0,0,0,0,0,0
Santos,277,Kaio Jorge Pinto Ramos,kaio-jorge,Kaio Jorge,5,7,0,5.18,0,1.66,20,0,31,0,4,0,0,0,0,0,26,44,1,1,2,12,2,2,0
Santos,277,Renyer Luan de Oliveira Damasceno,renyer,Renyer,5,6,0,3,0,0,0,0,0,0,0,0,0,0,0,0,0,0,0,0,0,0,0,0,0
Santos,277,Tailson Pinto Gonçalves,tailson,Tailson,5,6,0.7,2.18,0.2,0.56,10,0,7,0,0,0,0,0,0,0,7,17,0,0,1,0,0,0,0
Santos,277,Sandry Roberto Santos Goes,sandry,Sandry,4,7,4.8,2.29,0.38,0.66,7,0,11,0,4,0,0,0,0,0,5,14,0,0,0,0,0,0,0
Santos,277,Fernando Pileggi,fernando,Fernando,2,6,0,1,0,0,0,0,0,0,0,0,0,0,0,0,0,0,0,0,0,0,0,0,0
Santos,277,Matheus Purcelo Blecha de Moraes,matheus-moraes,Matheus Moraes,4,6,0,1,0,0,0,0,0,0,0,0,0,0,0,0,0,0,0,0,0,0,0,0,0
Santos,277,Wagner Leonardo Calvelo de Souza,wagner-leonardo,Wagner Leonardo,3,6,-0.1,2.11,-0.13,2.33,9,0,1,0,0,0,1,0,0,0,4,17,0,0,1,0,0,0,0
Santos,277,Marcos Leonardo Santos Almeida,marcos-leonardo,Marcos Leonardo,5,6,-1.1,0.79,-0.36,0.68,11,0,14,0,2,0,0,0,0,0,14,5,0,0,1,1,1,0,0
Santos,277,Alex de Oliveira Nascimento,alex,Alex,3,2,0.1,2.07,-0.19,1.88,7,0,3,0,1,0,2,0,0,0,6,23,0,0,0,0,0,0,0
Santos,277,Ivonei Júnior da Silva Rabelo,ivonei,Ivonei,4,6,0,1.02,0,1.44,7,0,4,0,1,0,0,0,0,0,1,12,0,0,1,2,1,0,0
Santos,277,Alexi Stival,cuca,Cuca,6,7,2.12,10.83,-0.3,3.56,25,0,0,0,0,0,0,0,0,0,0,0,0,0,0,0,0,0,0
Santos,277,Lucas Braga Ribeiro,lucas-braga,Lucas Braga,5,7,3.3,3.38,0.59,1.71,19,0,27,0,3,0,0,0,0,0,31,56,1,0,5,4,1,2,0
Santos,277,Carlos Andrés Sánchez Arcosa,carlos-sanchez,Carlos Sánchez,4,5,0,5.65,0,1.66,12,0,11,0,1,0,0,0,0,0,18,98,1,0,6,7,0,1,1
Santos,277,Derick Fernando da Silva,derick,Derick ,3,6,0,0.77,0,0,1,0,0,0,0,0,0,0,0,0,0,0,0,0,0,0,0,0,0
Santos,277,Lucas Lourenço Andrade,lucas-lourenco,Lucas Lourenço,4,6,0.8,2.27,0.32,0.63,11,0,10,0,2,0,0,0,0,0,10,20,0,0,1,2,0,0,0
Santos,277,Kevin Malthus de Sousa Ribeiro,kevin-malthus,Kevin Malthus,4,6,0,1,0,0,0,0,0,0,0,0,0,0,0,0,0,0,0,0,0,0,0,0,0
Santos,277,Paulo Mazoti Azevedo,paulo-mazoti,Paulo Mazoti,1,6,0,1,0,0,0,0,0,0,0,0,0,0,0,0,0,0,0,0,0,0,0,0,0
Santos,277,Laércio Soldá,laercio,Laércio,3,2,0,2.13,0,0.58,6,0,8,0,0,0,0,0,0,0,1,16,0,0,0,2,0,0,0
Santos,277,Andrey Rafael Quintino dos Santos,andrey-quintino,Andrey Quintino,5,6,0,1,0,0,0,0,0,0,0,0,0,0,0,0,0,0,0,0,0,0,0,0,0
Santos,277,Vinícius Balieiro Lourenço de Carvalho,vinicius-balieiro,Vinícius Balieiro,4,6,0,5.42,0,4.8,3,0,6,0,0,0,0,0,0,0,6,6,1,0,0,0,0,0,0
Santos,277,Bruno Henrique Marques Torres,bruninho,Bruninho,5,6,7.4,4.63,1.53,6.27,3,0,3,0,0,0,0,0,0,0,3,2,0,0,0,0,2,2,0
Santos,277,Gabriel Cordeiro Pirani,gabriel-pirani,Gabriel Pirani,4,6,0,1,0,0,0,0,0,0,0,0,0,0,0,0,0,0,0,0,0,0,0,0,0
Santos,277,Antonio Mikael Rodrigues Brito,mikael-doka,Mikael Doka,2,6,0,1,0,0,0,0,0,0,0,0,0,0,0,0,0,0,0,0,0,0,0,0,0
Santos,277,Brayan Diogo Ijorski Kruger,brayan,Brayan,5,6,0,1,0,0,0,0,0,0,0,0,0,0,0,0,0,0,0,0,0,0,0,0,0
Santos,277,Ângelo Gabriel Borges Damaceno,angelo,Ângelo,5,6,-0.1,0.81,-0.17,0.2,3,0,0,0,0,0,0,0,0,0,0,4,0,0,0,0,0,0,0
Santos,277,Guilherme Nunes da Silva,guilherme-nunes,Guilherme Nunes,4,6,3.9,2.49,0.49,3.9,1,0,0,0,0,0,0,0,0,0,0,1,0,0,0,0,0,0,0
Bragantino,280,Hélio Júnio Nunes de Castro,helinho,Helinho,5,5,0,3.2,0,1.14,5,0,6,0,2,0,0,0,0,0,2,15,1,0,1,0,0,0,0
Bragantino,280,Raul Lô Gonçalves,raul,Raul,4,7,3.6,8.67,0.01,5,16,0,29,0,0,0,0,0,0,0,42,95,1,0,1,3,1,1,0
Bragantino,280,Luis Phelipe de Souza Figueiredo,luis-phelipe,Luis Phelipe,5,6,0,5.07,0,2.12,11,0,5,0,1,0,0,0,0,0,12,14,1,0,1,0,1,0,0
Bragantino,280,Leandro Henrique do Nascimento,leandrinho,Leandrinho,5,6,0,2.25,0,0.9,6,0,2,0,0,0,0,0,0,0,6,10,0,0,0,3,0,0,0
Bragantino,280,Chrigor Flores Moraes,chrigor,Chrigor,5,6,0,1.58,0,0.3,3,0,3,0,0,0,0,0,0,0,2,6,0,0,0,0,0,0,0
Bragantino,280,Victor Hugo Zorzenoni,victor-zorzenoni,Victor Zorzenoni,1,6,0,1,0,0,0,0,0,0,0,0,0,0,0,0,0,0,0,0,0,0,0,0,0
Bragantino,280,Weverson Moreira da Costa,weverson,Weverson,2,2,0,1,0,0.17,13,0,9,0,1,1,1,0,0,0,1,58,0,0,1,1,0,2,0
Bragantino,280,Lucas Evangelista Santana de Oliveira,lucas-evangelista,Lucas Evangelista,4,6,1,5.01,-0.08,3.62,15,0,25,0,5,0,0,0,0,0,34,50,1,1,7,8,2,0,0
Bragantino,280,Jan Carlos Hurtado Anchico,hurtado,Hurtado,5,6,0,1.72,0,0.48,12,0,12,0,1,0,0,0,0,0,2,8,0,0,1,3,1,0,0
Bragantino,280,César Rafael Haydar Villarreal,haydar,Haydar,3,6,0,2,0,0,0,0,0,0,0,0,0,0,0,0,0,0,0,0,0,0,0,0,0
Bragantino,280,Eric dos Santos Rodrigues,ramires,Ramires,4,2,0,4.15,0,-0.43,3,0,1,0,0,0,0,0,0,0,2,8,0,0,0,0,0,2,0
Bragantino,280,Maurício Nogueira Barbieri,mauricio-barbieri,Maurício Barbieri,6,7,3.38,7.66,0.01,3.36,17,0,0,0,0,0,0,0,0,0,0,0,0,0,0,0,0,0,0
Bragantino,280,Ligger Moreira Malaquias,ligger,Ligger,3,7,-1.9,3.88,-0.81,2.6,18,0,25,0,1,0,5,0,0,0,11,47,1,0,1,4,0,0,0
Bragantino,280,Uillian Correia Granemann,uillian-correia,Uillian Correia,4,6,0,2.21,0,-0.67,7,0,8,0,1,0,0,0,0,0,0,5,0,0,0,1,0,0,0
Bragantino,280,Alex Alves de Lima,alex-alves,Alex Alves,1,6,0,1,0,0,0,0,0,0,0,0,0,0,0,0,0,0,0,0,0,0,0,0,0
Bragantino,280,Edimar Curitiba Fraga,edimar,Edimar,2,2,0,4.57,0,1.78,18,0,26,0,4,0,4,0,0,0,10,164,0,0,2,13,0,1,0
Bragantino,280,Andrew Erik Feitosa,morato,Morato,5,6,-0.1,2.15,-0.06,0.25,15,0,16,0,1,1,0,0,0,0,11,61,0,0,4,8,0,2,0
Bragantino,280,Ricardo Ryller Ribeiro Lino Silva,ricardo-ryller,Ricardo Ryller,4,2,0,3.98,-0.88,1.86,19,0,52,0,8,0,0,0,0,0,22,63,1,0,3,10,1,0,0
Bragantino,280,Aderlan de Lima Silva,aderlan,Aderlan,2,7,1,8.78,-0.86,2.72,22,0,49,0,2,0,5,0,0,0,22,229,0,0,3,8,0,1,0
Bragantino,280,Fabrício Bruno Soares de Faria,fabricio-bruno,Fabrício Bruno,3,6,0,0.86,0,-0.34,5,0,5,0,1,1,0,0,0,0,2,12,0,0,0,0,0,0,0
Bragantino,280,Matheus Sousa de Jesus,matheus-jesus,Matheus Jesus,4,6,0,4.19,0,0.99,10,0,13,0,3,0,0,0,0,0,7,38,1,0,3,7,0,1,0
Bragantino,280,Artur Victor Guimarães,artur,Artur,5,7,11.8,13.44,1.28,3.5,21,0,17,0,1,0,0,0,0,0,47,184,4,2,12,23,0,4,1
Bragantino,280,Cleiton Schwengber,cleiton,Cleiton,1,7,-2.8,0.78,-0.77,-0.02,18,0,0,0,0,0,4,8,0,20,2,133,0,0,0,0,0,0,0
Bragantino,280,Alerrandro Barra Mansa Realino de Souza,alerrandro,Alerrandro,5,6,0.2,10.06,-0.13,4.98,14,0,9,0,0,0,0,0,0,0,18,39,2,2,5,9,5,4,1
Bragantino,280,Leonardo Rech Ortiz,leo-ortiz,Léo Ortiz,3,7,2.9,8.35,-0.35,3.12,24,0,15,1,3,0,5,0,0,0,11,101,0,0,1,7,3,0,0
Bragantino,280,Leonardo Javier Realpe Montaño,realpe,Realpe,3,6,0,3.36,0,1.22,5,0,1,0,1,0,0,0,0,0,1,17,0,0,0,1,0,0,0
Bragantino,280,Victor Hugo Santana Carvalho,vitinho,Vitinho,4,5,0,2.29,0,0,1,0,0,0,0,0,0,0,0,0,0,0,0,0,0,0,0,0,0
Bragantino,280,Bruno Nunes de Barros,bruno-tubarao,Bruno Tubarão,4,2,0,3.94,0,2.67,18,0,16,0,3,0,0,0,0,0,10,79,1,2,5,10,1,2,0
Bragantino,280,Claudio Luiz Rodrigues Parisi Leonel,claudinho,Claudinho,5,7,7.7,14.68,1.21,5.33,21,0,19,0,3,0,0,0,0,0,32,198,1,0,16,20,8,4,1
Bragantino,280,Luan Cândido de Almeida,luan-candido,Luan Cândido,2,3,5.1,2.35,-0.19,2.42,6,0,13,0,3,0,2,0,0,0,2,44,0,0,0,3,1,0,0
Bragantino,280,Thonny Anderson da Silva Carvalho,thonny-anderson,Thonny Anderson,4,6,7.8,5.06,1.25,-0.02,6,0,3,0,0,1,0,0,0,0,1,11,0,0,0,0,1,0,1
Bragantino,280,Tomás Esteban Cuello,cuello,Cuello,4,2,-0.2,1.77,-0.25,1.08,9,0,9,0,2,0,0,0,0,0,4,30,0,1,4,3,0,0,0
Bragantino,280,Weverton Guilherme da Silva Souza,weverton,Weverton,2,6,0,0.99,0,0.16,5,0,1,0,0,0,0,0,0,0,0,15,0,0,0,1,0,0,0
Bragantino,280,Ytalo José Oliveira dos Santos,ytalo,Ytalo,5,7,1.1,5.88,-0.47,3.13,17,0,17,0,0,0,0,0,0,0,12,32,3,0,9,9,2,2,0
Bragantino,280,Júlio César de Souza Santos,julio-cesar,Júlio César,1,6,0,4.47,0,0.75,6,0,0,0,0,0,1,4,1,9,0,55,0,0,0,0,0,0,0
Atlético-MG,282,Diego Tardelli Martins,diego-tardelli,Diego Tardelli,5,6,0,9,0,0,0,0,0,0,0,0,0,0,0,0,0,0,0,0,0,0,0,0,0
Atlético-MG,282,Eduardo Colcenti Antunes,eduardo-sasha,Eduardo Sasha,5,6,-0.2,7.62,-0.22,3.33,19,0,15,0,1,0,0,0,0,0,22,65,2,1,9,8,4,2,1
Atlético-MG,282,Everson Felipe Marques Pires,everson,Everson,1,6,12.8,10.36,2.9,2.59,14,0,0,0,0,0,4,13,0,18,1,63,1,0,0,0,0,0,0
Atlético-MG,282,Réver Humberto Alves Araújo,rever,Réver,3,6,2.5,7.67,0.34,3.05,16,0,13,0,3,0,5,0,0,0,10,78,1,0,1,5,1,0,0
Atlético-MG,282,Rafael Pires Monteiro,rafael,Rafael,1,6,0,7.01,0,2,9,0,1,0,0,1,4,6,0,7,0,65,0,0,0,0,0,0,0
Atlético-MG,282,José Marcos Costa Martins,marquinhos,Marquinhos,5,6,0,3.86,0,1.4,11,0,13,0,0,0,0,0,0,0,5,35,1,1,1,4,0,3,0
Atlético-MG,282,Victor Leandro Bagy,victor,Victor,1,6,0,5.4,0,-9.2,1,0,0,0,1,0,0,0,0,3,0,12,0,0,0,0,0,0,0
Atlético-MG,282,Hyoran Kaue Dalmoro,hyoran,Hyoran,4,6,0.2,10.79,-1.05,3.45,16,0,22,0,2,0,0,0,0,0,20,84,2,1,7,9,3,2,0
Atlético-MG,282,Nathan Allan de Souza,nathan,Nathan,4,6,3.1,10.11,0.48,3.87,15,0,6,0,0,0,0,0,0,0,9,38,1,0,8,6,3,2,0
Atlético-MG,282,Jorge Sampaoli,jorge-sampaoli,Jorge Sampaoli,6,6,4.79,14.22,0.57,4.33,23,0,0,0,0,0,0,0,0,0,0,0,0,0,0,0,0,0,0
Atlético-MG,282,Júnior Osmar Ignacio Alonso Mujica,junior-alonso,Júnior Alonso,3,6,4.4,10.47,0.7,3.15,18,0,29,0,5,0,7,0,0,0,2,117,1,1,4,10,0,0,0
Atlético-MG,282,Igor Rabello da Costa,igor-rabello,Igor Rabello,3,6,0,10.63,0,2.9,17,0,18,0,2,0,5,0,0,0,16,76,1,1,1,1,1,0,0
Atlético-MG,282,Gabriel Costa França,gabriel,Gabriel,3,6,6.3,7.32,1.25,3.25,4,0,5,0,2,0,3,0,0,0,0,3,0,0,0,1,0,0,0
Atlético-MG,282,Jair Rodrigues Júnior,jair,Jair,4,5,0,7.29,0,2.93,18,0,41,0,5,0,0,0,0,0,41,63,2,0,1,7,1,0,0
Atlético-MG,282,Allan Rodrigues de Souza,allan,Allan,4,6,-1.2,5.87,-0.4,1.41,20,0,28,0,3,0,0,0,0,0,16,120,0,1,2,11,0,0,0
Atlético-MG,282,Wellington Daniel Bueno,bueno,Bueno,3,6,0,6.89,0,2.39,7,0,6,0,0,0,3,0,0,0,1,16,0,0,0,1,0,0,0
Atlético-MG,282,Guilherme Antonio Arana Lopes,guilherme-arana,Guilherme Arana,2,6,5,16.88,0.36,4.95,23,0,27,0,3,0,8,0,0,0,20,242,3,0,15,16,3,1,0
Atlético-MG,282,Jefferson David Savarino Quintero,savarino,Savarino,5,6,0.7,6.17,-0.35,3.51,18,0,15,0,2,0,0,0,0,0,20,122,4,3,5,18,3,7,0
Atlético-MG,282,Jean Carlos Batista,jean,Jean,1,6,0,1,0,0,0,0,0,0,0,0,0,0,0,0,0,0,0,0,0,0,0,0,0
Atlético-MG,282,Marcos da Silva França,keno,Keno,5,6,5.2,14.33,-0.14,7.22,22,0,27,0,4,0,0,0,0,0,37,206,5,4,22,27,10,21,1
Atlético-MG,282,Mariano Ferreira Filho,mariano,Mariano,2,6,0,7.98,0,2.64,7,0,8,0,1,0,1,0,0,0,5,72,1,0,1,0,0,0,0
Atlético-MG,282,Sávio Moreira de Oliveira,savio,Sávio,5,6,0,0.99,0,1,6,0,2,0,0,0,0,0,0,0,5,22,0,0,3,2,0,1,0
Atlético-MG,282,Calebe Gonçalves Ferreira da Silva,calebe,Calebe,4,6,0,0.79,-0.06,0.37,3,0,5,0,0,0,0,0,0,0,3,5,0,0,0,2,0,0,0
Atlético-MG,282,Cláudio Rodrigues Gomes,guga,Guga,2,6,5.4,13.73,0.82,4.68,20,0,21,0,1,0,8,0,0,0,24,162,1,1,2,6,1,0,0
Atlético-MG,282,Caio Henrique Ribas Dias de Araújo,caio-ribas,Caio Ribas,4,6,0,1,0,0,0,0,0,0,0,0,0,0,0,0,0,0,0,0,0,0,0,0,0
Atlético-MG,282,Rubens Antônio Dias,rubens,Rubens,4,6,0,1,0,0,0,0,0,0,0,0,0,0,0,0,0,0,0,0,0,0,0,0,0
Atlético-MG,282,Eduardo Jesús Vargas Rojas,vargas,Vargas,5,6,6.9,9.86,1.23,4.5,3,0,1,0,1,0,0,0,0,0,4,17,1,0,0,4,1,5,0
Atlético-MG,282,Alan Steven Franco Palma,franco,Franco,4,6,0,5.15,0,2.13,17,0,26,0,1,0,0,0,0,0,14,60,0,0,4,5,3,1,0
Atlético-MG,282,Federico Matías Javier Zaracho,zaracho,Zaracho,4,6,1.6,9.02,0.24,1.9,7,0,9,0,0,0,0,0,0,0,2,20,0,0,1,2,1,0,0
Atlético-MG,282,Marrony da Silva Liberato,marrony,Marrony,5,6,0,9.23,0,2.74,20,0,20,0,1,0,0,0,0,0,9,19,1,1,8,6,4,0,0
Atlético-MG,282,Dylan Felipe Borrero Caicedo,borrero,Borrero,4,6,0,2,0,-1.77,4,0,3,0,2,1,0,0,0,0,0,14,0,0,0,1,0,0,0
Atlético-MG,282,Gustavo Henrique Santos,gustavo-henrique,Gustavo Henrique,3,6,0,2,0,0,0,0,0,0,0,0,0,0,0,0,0,0,0,0,0,0,0,0,0
Atlético-MG,282,Guilherme Santos da Silva,guilherme-santos,Guilherme Santos,5,6,0,1,0,0,0,0,0,0,0,0,0,0,0,0,0,0,0,0,0,0,0,0,0
Atlético-MG,282,Isaque Storoli Gavioli,isaque,Isaque,3,6,0,1,0,0,0,0,0,0,0,0,0,0,0,0,0,0,0,0,0,0,0,0,0
Atlético-MG,282,Luiz Filipe dos Reis Silva,luiz-filipe,Luiz Filipe,5,6,0,1,0,0,0,0,0,0,0,0,0,0,0,0,0,0,0,0,0,0,0,0,0
Atlético-MG,282,Wesley Hudson da Silva,wesley,Wesley,4,6,0,1,0,0,0,0,0,0,0,0,0,0,0,0,0,0,0,0,0,0,0,0,0
Atlético-MG,282,Talison Ruan da Silva,talison,Talison,2,6,0,3.18,0,5.1,1,0,1,0,0,0,0,0,0,0,0,4,0,0,0,0,0,0,0
Atlético-MG,282,Sivaldo de Jesus Santos Junior,junior-santos,Júnior Santos,1,6,0,1,0,0,0,0,0,0,0,0,0,0,0,0,0,0,0,0,0,0,0,0,0
Atlético-MG,282,Samuel Conceição Toscas,samuel-toscas,Samuel Toscas,2,6,0,1,0,0,0,0,0,0,0,0,0,0,0,0,0,0,0,0,0,0,0,0,0
Grêmio,284,Renato Portaluppi,renato-gaucho,Renato Gaúcho,6,7,4.37,12.8,-0.64,4.12,23,0,0,0,0,0,0,0,0,0,0,0,0,0,0,0,0,0,0
Grêmio,284,Victor Ferraz Macedo,victor-ferraz,Victor Ferraz,2,7,0,8.05,0,2.82,7,0,5,0,1,0,2,0,0,0,2,58,2,0,2,2,0,0,0
Grêmio,284,Pedro Tonon Geromel,pedro-geromel,Pedro Geromel,3,6,0,10.79,0,4.49,10,0,9,0,2,1,5,0,0,0,6,53,0,0,0,4,0,1,0
Grêmio,284,Vanderlei Farias da Silva,vanderlei,Vanderlei,1,7,8,9.04,0.07,2.8,17,0,0,0,1,0,6,14,0,14,3,100,0,0,0,0,0,0,0
Grêmio,284,Diego Souza de Andrade,diego-souza,Diego Souza,5,6,0,11.84,0,3.89,16,0,20,0,3,1,0,0,0,0,17,81,1,0,6,14,7,1,1
Grêmio,284,Luiz Fernando Moraes dos Santos,luiz-fernando,Luiz Fernando ,5,2,0.5,5.02,-0.43,1.88,16,0,15,0,1,1,0,0,0,0,14,68,2,0,5,6,2,3,0
Grêmio,284,Brenno Oliveira Fraga Costa,brenno,Brenno,1,6,0,1,0,0,0,0,0,0,0,0,0,0,0,0,0,0,0,0,0,0,0,0,0
Grêmio,284,Júlio César Jacobi,julio-cesar,Júlio César,1,6,0,4,0,0,0,0,0,0,0,0,0,0,0,0,0,0,0,0,0,0,0,0,0
Grêmio,284,Maicon Thiago Pereira de Souza,maicon,Maicon,4,6,0,3.39,0,0.7,10,0,8,0,1,0,0,0,0,0,3,35,0,0,3,3,0,0,0
Grêmio,284,Diogo Barbosa Mendanha,diogo-barbosa,Diogo Barbosa,2,2,0,9.03,0,3.32,17,0,11,0,1,0,4,0,0,0,15,109,1,0,1,6,0,1,0
Grêmio,284,Walter Kannemann,kannemann,Kannemann,3,7,7.9,10.93,0.23,4.79,8,0,23,0,4,0,5,0,0,0,10,30,0,0,2,3,0,0,0
Grêmio,284,Luis Manuel Orejuela García,orejuela,Orejuela,2,5,5.7,10.1,-0.08,5.19,17,0,27,0,1,0,8,0,0,0,23,164,0,1,3,7,1,1,0
Grêmio,284,Jean Pyerre Casagrande Silveira Correa,jean-pyerre,Jean Pyerre,4,7,0,11.49,0,4.65,8,0,5,0,0,0,0,0,0,0,7,46,1,1,3,14,1,0,0
Grêmio,284,Fabrício do Rosário dos Santos,fabricio,Fabrício,5,6,1.4,0.91,0.14,0.7,2,0,1,0,0,0,0,0,0,0,1,1,0,0,0,0,0,1,0
Grêmio,284,Everton Cardoso da Silva,everton,Everton,4,6,0,4.91,0,1.38,9,0,14,0,1,0,0,0,0,0,11,42,1,0,3,2,0,4,0
Grêmio,284,Guilherme Alecsander Guedes,guilherme-guedes,Guilherme Guedes,2,6,0,3,0,0,0,0,0,0,0,0,0,0,0,0,0,0,0,0,0,0,0,0,0
Grêmio,284,David Braz de Oliveira Filho,david-braz,David Braz,3,6,0,9.51,0,3.96,17,0,13,0,1,1,5,0,0,0,6,76,0,1,2,5,2,0,0
Grêmio,284,Leonardo Gomes da Conceição Silva,leonardo,Leonardo,2,6,0,6,0,0,0,0,0,0,0,0,0,0,0,0,0,0,0,0,0,0,0,0,0
Grêmio,284,Jonathan Doin,paulo-miranda,Paulo Miranda,3,5,0,2.56,0,1.11,8,0,11,0,1,0,2,0,0,0,2,36,0,0,0,0,0,0,0
Grêmio,284,Eduardo Gabriel Aquino Cossa,pepe,Pepê,5,7,1.1,14.2,-1.3,6.97,19,0,8,0,0,0,0,0,0,0,43,87,4,1,8,12,7,3,0
Grêmio,284,Thaciano Mickael da Silva,thaciano,Thaciano,4,2,-0.5,4.66,-0.2,1.78,13,0,9,0,1,0,0,0,0,0,8,25,0,0,3,5,1,1,0
Grêmio,284,Isaque Elias Brito,isaque,Isaque,5,6,0,5.37,0,2.48,19,0,12,0,0,0,0,0,0,0,11,50,1,0,8,15,2,2,0
Grêmio,284,Ruan Tressoldi Netto,ruan,Ruan,3,6,0,0.77,0,0,2,0,0,0,0,0,0,0,0,0,0,0,0,0,0,0,0,0,0
Grêmio,284,Lucas Araújo de Oliveira,lucas-araujo,Lucas Araújo,4,6,0,1,0,0,0,0,0,0,0,0,0,0,0,0,0,0,0,0,0,0,0,0,0
Grêmio,284,Rildo Gonçalves de Amorim Filho,rildo,Rildo,4,6,0,0.79,0,0.15,2,0,1,0,0,0,0,0,0,0,2,2,0,0,0,0,0,0,0
Grêmio,284,Paulo Victor Mileo Vidotti,paulo-victor,Paulo Victor,1,6,0,6.36,0,4.33,6,0,0,0,0,0,3,5,0,5,0,40,1,0,0,0,0,0,0
Grêmio,284,Bruno Cortês Barbosa,bruno-cortez,Bruno Cortez,2,2,5,9.83,0.12,3.01,17,0,20,0,1,1,7,0,0,0,17,110,0,0,1,2,0,2,0
Grêmio,284,Alisson Euler de Freitas Castro,alisson,Alisson,4,5,0,11.51,0,5.76,13,0,12,0,1,0,0,0,0,0,35,109,4,1,13,17,1,4,0
Grêmio,284,Antônio Josenildo Rodrigues de Oliveira,rodrigues,Rodrigues,3,7,2.9,2.46,-0.57,1.74,10,0,4,0,3,0,4,0,0,0,2,43,0,0,1,3,0,0,0
Grêmio,284,Patrick Machado Ferreira ,patrick,Patrick,4,6,0.8,2.32,-0.42,0.15,2,0,1,0,0,0,0,0,0,0,0,2,0,0,0,0,0,0,0
Grêmio,284,Matheus Henrique de Souza,matheus-henrique,Matheus Henrique,4,7,2.1,6.33,-1.02,1.67,18,0,25,0,4,1,0,0,0,0,42,89,1,0,3,6,0,0,0
Grêmio,284,César Ignacio Pinares Tamayo,pinares,Pinares,4,2,0,7.85,0,5.2,2,0,1,0,0,0,0,0,0,0,2,9,0,0,1,2,1,0,0
Grêmio,284,Lucas Silva Borges,lucas-silva,Lucas Silva,4,6,3.8,5.61,-0.76,1.87,20,0,16,0,4,0,0,0,0,0,26,68,0,1,5,8,1,0,0
Grêmio,284,Darlan Pereira Mendes,darlan,Darlan,4,7,4.7,5.19,0.72,2.2,14,0,14,0,2,0,0,0,0,0,7,43,0,0,1,3,1,0,0
Grêmio,284,Guilherme da Silva Azevedo,guilherme-azevedo,Guilherme Azevedo,5,6,0,1.74,0,1.4,7,0,2,0,0,0,0,0,0,0,8,7,0,0,2,2,0,1,0
Grêmio,284,Vanderson de Oliveira Campos,vanderson,Vanderson,2,6,0,1,0,0,0,0,0,0,0,0,0,0,0,0,0,0,0,0,0,0,0,0,0
Grêmio,284,Diego Churín Puyo,churin,Churín,5,7,1.6,8.83,0.08,3.23,6,0,8,0,0,0,0,0,0,0,4,17,1,1,0,2,1,1,0
Grêmio,284,Róbson Michael Signorini,robinho,Robinho,4,6,0,4.19,0,0.93,11,0,11,0,2,0,0,0,0,0,12,68,2,0,1,3,0,0,0
Grêmio,284,Aldemir dos Santos Ferreira,ferreira,Ferreira,5,2,3.1,5.12,-0.22,3.63,9,0,7,0,0,0,0,0,0,0,6,18,0,0,6,6,2,0,0
Internacional,285,Patrick Bezerra do Nascimento,patrick,Patrick,4,7,10.8,13.35,1.25,5.29,21,0,30,0,1,0,0,0,0,0,44,103,2,3,7,10,4,2,0
Internacional,285,Thiago Galhardo do Nascimento Rocha,thiago-galhardo,Thiago Galhardo,4,7,1.7,18.11,-0.02,7.47,23,0,22,0,1,1,0,0,0,0,33,107,5,0,14,20,15,14,1
Internacional,285,Leonardo Ferreira Gonçalves,leo-ferreira,Léo Ferreira,5,6,0,1.45,0,1.5,1,0,1,0,0,0,0,0,0,0,1,4,0,0,0,3,0,1,0
Internacional,285,Moisés Roberto Barbosa,moises,Moisés,2,7,3.2,10.25,-0.26,3.38,15,0,34,0,1,0,6,0,0,0,5,149,2,1,1,5,0,2,0
Internacional,285,José Paolo Guerrero Gonzales,paolo-guerrero,Paolo Guerrero,5,5,0,20.81,0,11.2,3,0,7,0,0,0,0,0,0,0,5,15,1,1,1,3,3,3,0
Internacional,285,Vinicius Augusto Tobias da Silva,vinicius-tobias,Vinicius Tobias,2,6,0,1,0,0,0,0,0,0,0,0,0,0,0,0,0,0,0,0,0,0,0,0,0
Internacional,285,Vinicius Silveira de Mello,vinicius-silveira,Vinicius Silveira,5,6,0,1,0,0,0,0,0,0,0,0,0,0,0,0,0,0,0,0,0,0,0,0,0
Internacional,285,Maximiliano Ezequiel Zalazar,maxi-salazar,Maxi Salazar,5,6,0,1,0,0,0,0,0,0,0,0,0,0,0,0,0,0,0,0,0,0,0,0,0
Internacional,285,Murilo Gomes Barreto Neto,murilo,Murilo,4,6,0,1,0,0,0,0,0,0,0,0,0,0,0,0,0,0,0,0,0,0,0,0,0
Internacional,285,João Victor Tavares de Souza,joao-tavares,João Tavares,5,6,0,1,0,0,0,0,0,0,0,0,0,0,0,0,0,0,0,0,0,0,0,0,0
Internacional,285,Rodrigo Dourado Cunha,rodrigo-dourado,Rodrigo Dourado,4,6,-4.3,3.6,-1.19,-0.01,7,0,7,0,2,0,0,0,0,0,5,11,0,0,0,0,0,0,0
Internacional,285,Marcos Guilherme de Almeida Santos Matos,marcos-guilherme,Marcos Guilherme ,4,2,0.1,2.85,-0.43,0.48,22,0,21,0,2,0,0,0,0,0,10,47,1,1,3,6,0,7,0
Internacional,285,Gabriel Boschilia,boschilia,Boschilia,4,5,0,8.45,0,3.81,13,0,24,0,2,0,0,0,0,0,14,92,1,0,9,5,1,0,0
Internacional,285,Keiller da Silva Nunes,keiller,Keiller,1,6,0,2,0,0,0,0,0,0,0,0,0,0,0,0,0,0,0,0,0,0,0,0,0
Internacional,285,Renzo Saravia,saravia,Saravia,2,5,0,18.78,0,7.96,8,0,12,0,1,0,5,0,0,0,15,56,1,0,1,2,0,0,0
Internacional,285,Gustavo Nonato Santana,nonato,Nonato,4,6,0,4.19,0,3.78,6,0,11,0,3,0,0,0,0,0,12,18,0,0,1,1,1,0,0
Internacional,285,João Gabriel Martins Peglow,peglow,Peglow,4,6,-1,1.54,-1.02,1.21,7,0,7,0,1,0,0,0,0,0,1,13,1,0,0,1,1,2,0
Internacional,285,Víctor Leandro Cuesta,victor-cuesta,Víctor Cuesta,3,7,0.9,10.08,-0.04,2.34,23,0,32,0,7,0,9,0,0,0,24,161,0,0,2,1,0,0,0
Internacional,285,Pedro Henrique Alves Santana,pedro-henrique,Pedro Henrique,3,6,0,0.77,0,-1,1,0,2,0,1,0,0,0,0,0,1,7,0,0,1,0,0,0,0
Internacional,285,Bruno Conceição Praxedes,praxedes,Praxedes,4,2,0,0.79,0,-0.11,9,0,10,0,3,0,0,0,0,0,5,44,0,0,0,3,0,1,0
Internacional,285,Matheus Isaías dos Santos,matheus-jussa,Matheus Jussa,3,6,0,2.32,0,0.9,2,0,5,0,2,0,1,0,0,0,1,12,0,0,0,0,0,0,0
Internacional,285,Tiago Barbosa Figueiredo,tiago-barbosa,Tiago Barbosa,3,6,0,2,0,0,0,0,0,0,0,0,0,0,0,0,0,0,0,0,0,0,0,0,0
Internacional,285,Carlos Eduardo da Silva Rodrigues Lima,carlos-eduardo,Carlos Eduardo,3,6,0,1,0,0,0,0,0,0,0,0,0,0,0,0,0,0,0,0,0,0,0,0,0
Internacional,285,Emerson Fabiano Kerber Júnior,emerson-junior,Emerson Júnior,1,6,0,1,0,0,0,0,0,0,0,0,0,0,0,0,0,0,0,0,0,0,0,0,0
Internacional,285,Nicolas Miguel Morsch,nicolas,Nicolas,4,6,0,1,0,0,0,0,0,0,0,0,0,0,0,0,0,0,0,0,0,0,0,0,0
Internacional,285,Andrés Nicolas D'Alessandro,d-alessandro,D'Alessandro,4,2,-0.1,2.49,0.04,0.06,19,0,5,0,3,0,0,0,0,0,11,76,0,0,4,3,0,3,0
Internacional,285,Rodrigo Modesto da Silva Moledo,rodrigo-moledo,Rodrigo Moledo,3,7,5.5,7.24,0.56,3.66,15,0,10,0,2,1,6,0,0,0,21,25,0,0,1,1,1,0,0
Internacional,285,Edenílson Andrade Dos Santos,edenilson,Edenílson,4,7,0.7,7.91,-0.39,2.28,21,0,35,0,5,0,0,0,0,0,24,155,3,1,5,11,2,2,0
Internacional,285,José Gabriel dos Santos Silva,ze-gabriel,Zé Gabriel,4,6,0,2.67,0,1.52,19,0,19,0,1,1,0,0,0,0,15,87,0,0,0,2,0,0,0
Internacional,285,Heitor Rodrigues da Fonseca,heitor,Heitor,2,7,0.8,4.7,-0.95,4.49,9,0,11,0,3,1,2,0,0,0,12,63,4,0,2,1,0,0,0
Internacional,285,Danilo Fernandes Batista,danilo-fernandes,Danilo Fernandes,1,6,0,4.27,0,-2,0,0,0,0,1,0,0,0,0,0,0,0,0,0,0,0,0,0,0
Internacional,285,João Lucas Souza Cardoso,johnny,Johnny ,4,5,0,2.14,0,2.21,7,0,3,0,0,0,0,0,0,0,5,23,0,0,1,2,0,0,0
Internacional,285,Marcelo Lomba do Nascimento,marcelo-lomba,Marcelo Lomba,1,7,-3,7.79,0.19,0.55,25,0,0,0,2,0,9,12,0,25,3,277,0,0,0,0,0,0,0
Internacional,285,Yuri Alberto Monteiro da Silva,yuri-alberto,Yuri Alberto,5,2,7.4,3.79,0.53,2.79,11,0,20,0,2,0,0,0,0,0,7,18,0,0,5,5,4,2,0
Internacional,285,Rodrigo Oliveira Lindoso,rodrigo-lindoso,Rodrigo Lindoso,4,7,1,4.02,0.16,0.77,20,0,37,0,5,0,0,0,0,0,12,78,1,0,3,3,0,0,0
Internacional,285,Leonardo Borges da Silva,leonardo-borges,Leonardo Borges,2,6,0,1,0,0,0,0,0,0,0,0,0,0,0,0,0,0,0,0,0,0,0,0,0
Internacional,285,Andrés Felipe Amaya Rivera,amaya,Amaya,5,6,0,1,0,0,0,0,0,0,0,0,0,0,0,0,0,0,0,0,0,0,0,0,0
Internacional,285,Abel Mathías Hernández Platero,abel-hernandez,Abel Hernández,5,6,0,7.74,0,2.98,14,0,10,0,1,0,0,0,0,0,8,29,1,0,6,8,2,2,0
Internacional,285,Leandro Miguel Fernández,leandro-fernandez,Leandro Fernández,5,6,0,6.45,0,1.62,6,0,6,0,2,0,0,0,0,0,7,30,1,0,4,8,0,4,0
Internacional,285,Lucas Ribeiro dos Santos,lucas-ribeiro,Lucas Ribeiro,3,6,0,2.78,0,-2,1,0,1,0,1,0,0,0,0,0,0,3,0,0,0,1,0,0,0
Internacional,285,Maurício Magalhães Prado,mauricio,Maurício,4,6,0,6.72,0,4.13,4,0,2,0,0,0,0,0,0,0,5,12,1,0,1,0,1,0,0
Internacional,285,Uendel Pereira Gonçalves,uendel,Uendel,2,6,0,3.27,0,1.39,11,0,16,0,1,0,3,0,0,0,5,114,0,0,1,0,0,0,0
Internacional,285,Rodinei Marcelo de Almeida,rodinei,Rodinei,2,3,-3,3.8,-1.05,1.75,12,0,20,0,3,0,2,0,0,0,17,97,0,0,2,1,0,0,0
Internacional,285,Damián Marcelo Musto,musto,Musto,4,6,0,4.22,0,0.92,14,0,23,1,3,1,0,0,0,0,12,30,0,0,0,3,1,0,0
Internacional,285,Abel Carlos da Silva Braga,abel-braga,Abel Braga,6,7,1.76,9.62,-0.17,1.98,5,0,0,0,0,0,0,0,0,0,0,0,0,0,0,0,0,0,0
Internacional,285,Daniel de Sousa Brito,daniel,Daniel,1,5,0,2,0,0,0,0,0,0,0,0,0,0,0,0,0,0,0,0,0,0,0,0,0
Internacional,285,Lucas Henrique Mazetti,mazetti,Mazetti,2,6,0,1,0,0,0,0,0,0,0,0,0,0,0,0,0,0,0,0,0,0,0,0,0
Internacional,285,Caio Vidal Rocha,caio,Caio,5,6,-1.3,1.49,-0.7,0.85,2,0,3,0,1,0,0,0,0,0,9,13,0,0,0,0,0,0,0
Internacional,285,Lucas de Ramos Silveira,lucas-ramos,Lucas Ramos,4,6,0,1,0,0,0,0,0,0,0,0,0,0,0,0,0,0,0,0,0,0,0,0,0
Goiás,290,Rafael Martiniano de Miranda Moura,rafael-moura,Rafael Moura,5,7,-0.9,5.39,-1.31,1.77,15,0,30,0,5,0,0,0,0,0,13,76,0,0,6,10,5,15,0
Goiás,290,Gustavo Blanco Petersen Macedo,gustavo-blanco,Gustavo Blanco,4,6,0,4.52,0,-0.35,2,0,2,0,0,0,0,0,0,0,0,2,0,0,0,0,0,1,0
Goiás,290,Henrique Almeida Caixeta Nascentes,henrique-almeida,Henrique Almeida,5,5,0,5,0,0,0,0,0,0,0,0,0,0,0,0,0,0,0,0,0,0,0,0,0
Goiás,290,Fábio Pizarro Sanches,fabio-sanches,Fábio Sanches,3,3,2.8,6.26,-0.22,3.01,16,0,12,1,3,0,6,0,0,0,14,35,0,0,1,3,0,0,0
Goiás,290,Wanderson de Jesus Martins,caju,Caju,2,6,0,3.85,0,2.49,11,0,8,0,0,0,2,0,0,0,7,95,1,0,1,4,0,0,0
Goiás,290,Marcelo Rangel da Rosa,marcelo-rangel,Marcelo Rangel,1,6,0,0.77,0,-3.45,2,0,0,0,1,0,0,1,0,3,0,29,0,0,0,0,0,0,0
Goiás,290,Heron Crespo da Silva,heron,Heron,3,7,0,0.87,0,-0.13,11,0,9,0,3,0,1,0,0,0,3,34,0,0,0,0,0,0,0
Goiás,290,Pedro Henrique Marinho Maria,pedro-marinho,Pedro Marinho,5,6,0,1,0,0,0,0,0,0,0,0,0,0,0,0,0,0,0,0,0,0,0,0,0
Goiás,290,Juan de Dios Pintado Leines,pintado,Pintado,2,6,0,2.61,0,2.14,11,0,16,0,4,0,1,0,0,0,11,53,0,0,1,2,0,1,0
Goiás,290,Filipe Cândido da Trindade,filipe-trindade,Filipe Trindade,4,6,0,2,0,0,0,0,0,0,0,0,0,0,0,0,0,0,0,0,0,0,0,0,0
Goiás,290,Matheus Alves da Silva Cardoso,matheus-alves,Matheus Alves,1,6,0,1,0,0,0,0,0,0,0,0,0,0,0,0,0,0,0,0,0,0,0,0,0
Goiás,290,Jefferson Junio Antônio da Silva,jefferson,Jefferson,2,7,5.3,6.06,-0.61,3.24,12,0,7,1,1,1,5,0,0,0,10,78,0,0,0,4,1,2,0
Goiás,290,Kevin Martín Quevedo Mathey,quevedo,Quevedo,5,6,0,0.85,0,0.4,1,0,0,0,0,0,0,0,0,0,1,1,0,0,0,0,0,0,0
Goiás,290,Miguel Ferreira Damasceno,miguel-figueira,Miguel Figueira,4,7,4.6,2.43,0.29,1.88,9,0,14,0,2,0,0,0,0,0,11,18,1,0,0,4,1,0,0
Goiás,290,Kaio Nunes Ferreira,kaio,Kaio,4,6,0,3,0,0,0,0,0,0,0,0,0,0,0,0,0,0,0,0,0,0,0,0,0
Goiás,290,David de Duarte Macedo,david-duarte,David Duarte,3,7,5,4.9,0.03,3.38,14,0,9,0,1,1,5,0,0,0,4,79,0,0,3,5,1,0,0
Goiás,290,Breno Washington Rodrigues da Silva,breno,Breno,4,7,5.7,4.91,0.25,2.09,16,0,38,0,3,1,0,0,0,0,19,48,0,1,2,4,0,0,0
Goiás,290,Iago Pereira Mendonça,iago-mendonca,Iago Mendonça,3,7,6.1,1.9,0.9,6.1,1,0,3,0,1,0,1,0,0,0,0,10,0,0,0,2,0,0,0
Goiás,290,Daniel Sartori Bessa,daniel-bessa,Daniel Bessa,4,6,0,6.46,0,2.65,12,0,19,0,3,0,0,0,0,0,9,74,0,1,4,4,2,0,0
Goiás,290,Gabriel Martins Rodrigues,rodrigues,Rodrigues,2,6,0,2.23,0,2.9,3,0,2,0,0,0,2,0,0,0,0,3,0,0,0,0,0,0,0
Goiás,290,Walisson Oliveira da Silva,walisson-pequeno,Walisson Pequeno,4,6,0,2,0,0,0,0,0,0,0,0,0,0,0,0,0,0,0,0,0,0,0,0,0
Goiás,290,Daniel de Pauli Oliveira,daniel-oliveira,Daniel Oliveira,2,6,4.9,2.55,-0.22,2.56,7,0,6,0,1,0,3,0,0,0,1,6,0,0,1,1,0,0,0
Goiás,290,Sandro Raniere Guimarães Cordeiro,sandro,Sandro,4,6,0,3.12,0,0.42,9,0,15,0,3,0,0,0,0,0,7,23,0,1,0,2,0,1,0
Goiás,290,Taylon Vinícius dos Santos Carvalho,taylon,Taylon,2,5,0,2.66,0,4,1,0,2,0,0,0,1,0,0,0,1,5,0,0,0,0,0,0,0
Goiás,290,João Marcos Lima Candido,joao-marcos,João Marcos,5,6,-0.1,0.78,-0.01,-0.45,2,0,1,0,0,0,0,0,0,0,0,4,0,0,0,0,0,0,0
Goiás,290,Gustavo Luis Silva Aguiar,gustavinho,Gustavinho,2,6,0,1,0,0,0,0,0,0,0,0,0,0,0,0,0,0,0,0,0,0,0,0,0
Goiás,290,Douglas Baggio de Oliveira Costa,douglas-baggio,Douglas Baggio,5,6,0,4.42,0,2.34,12,0,12,0,0,0,0,0,0,0,19,38,0,1,4,5,0,1,0
Goiás,290,Eduardo Figueiredo da Cruz,indio,Índio,5,6,0,1,0,0,0,0,0,0,0,0,0,0,0,0,0,0,0,0,0,0,0,0,0
Goiás,290,Tadeu Antônio Ferreira,tadeu,Tadeu,1,7,8.4,9.92,-0.33,4.24,18,0,1,0,0,0,6,27,1,28,5,161,0,0,1,0,0,0,0
Goiás,290,Shaylon Kallyson Cardoso,shaylon,Shaylon,4,7,4.2,3.84,-0.29,3.17,9,0,3,0,0,0,0,0,0,0,5,57,1,0,2,6,1,0,0
Goiás,290,Vinícius Lopes da Silva,vinicius,Vinícius,5,6,0,5,0,4.53,14,0,23,0,2,0,0,0,0,0,29,48,2,0,9,8,3,0,0
Goiás,290,Daniel Silva Santos,daniel-silva,Daniel Silva,4,6,0,1,0,0,0,0,0,0,0,0,0,0,0,0,0,0,0,0,0,0,0,0,0
Goiás,290,Glauber Ramos da Silva,glauber-ramos,Glauber Ramos,6,7,4.53,5.87,-0.13,5.42,3,0,0,0,0,0,0,0,0,0,0,0,0,0,0,0,0,0,0
Goiás,290,Henrique Lordelo Souza de Oliveira,henrique-lordelo,Henrique Lordelo,4,6,0,1.04,0,1.4,1,0,1,0,0,0,0,0,0,0,2,1,0,0,0,0,0,0,0
Goiás,290,Jurani Francisco Ferreira,ratinho,Ratinho,4,7,0,2.26,0,1.04,7,0,10,0,2,0,0,0,0,0,4,13,0,0,0,2,0,0,0
Goiás,290,Cristiano da Silva Vidal,vidal,Vidal,2,6,0,1.43,0,-0.7,1,0,1,0,0,0,0,0,0,0,0,2,0,0,0,0,0,0,0
Goiás,290,Alyson José da Motta,alyson,Alyson,5,6,0,2.85,0,6.6,1,0,1,0,0,0,0,0,0,0,1,2,1,0,0,1,0,0,0
Goiás,290,José Joaquim de Carvalho,zeca,Zeca,5,6,0,0.75,0,-1.07,3,0,3,0,1,0,0,0,0,0,0,2,0,0,0,0,0,1,0
Goiás,290,Sebastián Enrique Salazar Beltrán,salazar,Salazar,4,6,0,4,0,0,0,0,0,0,0,0,0,0,0,0,0,0,0,0,0,0,0,0,0
Goiás,290,Matheus Rezende Assis,rezende,Rezende,4,6,0,1,0,0,0,0,0,0,0,0,0,0,0,0,0,0,0,0,0,0,0,0,0
Goiás,290,Alejandro Ariel Cabral,ariel-cabral,Ariel Cabral,4,3,1.8,4.6,0.5,1,8,0,13,0,3,0,0,0,0,0,6,49,0,0,2,0,0,0,0
Goiás,290,Sandro Diego de Moraes Bueno,sandrinho,Sandrinho,5,6,0,0.77,0,-3,1,0,1,0,1,0,0,0,0,0,0,0,0,0,0,0,0,1,0
Goiás,290,José Fernando Viana de Santana,fernandao,Fernandão,5,7,2,4.54,0.37,1.39,9,0,8,0,1,0,0,0,0,0,8,33,0,0,2,8,1,4,0
Goiás,290,Luis Francisco Grando,chico,Chico,3,6,0,2.8,0,-1.35,2,0,0,0,1,0,0,0,0,0,0,7,0,0,0,0,0,0,0
Sport,292,Hernane Vidal Souza,hernane,Hernane,5,6,0,2.72,0,1.32,16,0,7,0,2,0,0,0,0,0,18,17,0,0,0,3,2,0,0
Sport,292,Jonatan David Gomez Ospina,jonatan-gomez,Jonatan Gomez,4,6,1,9.31,-0.17,1.41,21,0,18,0,1,0,0,0,0,0,29,59,0,0,2,14,1,1,0
Sport,292,Lucas Henrique Ferreira Venuto,lucas-venuto,Lucas Venuto,5,6,0,1.89,0,0.89,7,0,3,0,0,0,0,0,0,0,10,23,0,1,0,0,0,0,0
Sport,292,Francisco Alves da Silva Melo,chico,Chico,3,6,0,2.78,0,2.74,11,0,6,0,1,0,4,0,0,0,2,47,0,0,0,1,0,0,0
Sport,292,Maxwell Lima Santos Silva,maxwell,Maxwell,5,6,0,2.1,0,0.95,4,0,1,0,0,0,0,0,0,0,2,5,0,0,0,1,0,0,0
Sport,292,Carlos Eduardo Soares Mota,carlos-eduardo,Carlos Eduardo,1,6,0,2,0,0,0,0,0,0,0,0,0,0,0,0,0,0,0,0,0,0,0,0,0
Sport,292,Vinícius Santana da Silva,vinicius-popo,Vinícius Popó,5,6,0,2,0,0,0,0,0,0,0,0,0,0,0,0,0,0,0,0,0,0,0,0,0
Sport,292,Ronaldo Henrique Silva,ronaldo-silva,Ronaldo Silva,5,6,0,0.81,0,-2.2,3,0,1,0,1,1,0,0,0,0,0,3,0,0,1,0,0,2,0
Sport,292,Carlos Eugenio Júnior Tavares dos Santos,junior-tavares,Júnior Tavares,2,7,7,5.65,1.24,3.47,8,0,6,0,0,0,3,0,0,0,13,45,0,0,2,3,0,0,0
Sport,292,Patric Cabral Lalau,patric,Patric,2,7,12.2,10.12,2.16,3.11,23,0,33,0,2,1,4,0,0,0,27,207,5,1,2,12,1,5,0
Sport,292,Pedro Henrique Nunes Silva,pedrao,Pedrão,3,6,0,1,0,0,0,0,0,0,0,0,0,0,0,0,0,0,0,0,0,0,0,0,0
Sport,292,Helber Ítalo dos Santos,italo,Ítalo,4,6,0,1,0,0,0,0,0,0,0,0,0,0,0,0,0,0,0,0,0,0,0,0,0
Sport,292,Túlio Galindo Bandeira de Melo,tulio,Túlio,1,6,0,1,0,0,0,0,0,0,0,0,0,0,0,0,0,0,0,0,0,0,0,0,0
Sport,292,Ricardo Ribeiro de Lima,ricardinho,Ricardinho,4,2,0,2.96,0,1.61,20,0,20,0,3,0,0,0,0,0,31,50,0,0,6,2,0,2,0
Sport,292,Jair Ventura,jair-ventura,Jair Ventura,6,7,7.31,7.88,1.13,3.09,19,0,0,0,0,0,0,0,0,0,0,0,0,0,0,0,0,0,0
Sport,292,Marcos Vinicius Serrato,marcos-serrato,Marcos Serrato,4,6,0,2.3,0,-0.1,1,0,0,0,0,0,0,0,0,0,0,1,0,0,0,0,0,0,0
Sport,292,Alesandro dos Santos Pereira,ale-santos,Alê Santos,4,6,0,2,0,0,0,0,0,0,0,0,0,0,0,0,0,0,0,0,0,0,0,0,0
Sport,292,Luan Polli Gomes,luan-polli,Luan Polli ,1,7,7.9,5.95,-0.05,2.09,17,0,0,0,3,0,5,21,0,24,2,205,0,0,0,0,0,0,0
Sport,292,João Igor Oliveira de Santana,joao-igor,João Igor,4,6,0,1.93,0,-0.37,3,0,3,0,0,0,0,0,0,0,1,1,0,0,0,0,0,0,0
Sport,292,Iago Justen Maidana Martins,iago-maidana,Iago Maidana,3,7,8.3,7.31,1.79,2.34,22,0,24,0,5,0,4,0,0,0,15,147,0,0,2,7,3,0,0
Sport,292,Maílson Tenório dos Santos,mailson,Maílson,1,6,0,0.98,0,-0.4,7,0,1,0,1,0,0,6,0,10,1,58,0,0,0,0,0,0,0
Sport,292,Sander Henrique Bortolotto,sander,Sander,2,6,0,8.94,0,2.43,14,0,15,0,3,1,1,0,0,0,28,111,0,0,1,3,0,0,0
Sport,292,Bruno Roberto Pereira da Silva,bruninho,Bruninho,4,6,0,3.48,0,1.19,11,0,5,0,1,0,0,0,0,0,3,23,0,2,3,3,0,1,0
Sport,292,Lucas Andrés Mugni,lucas-mugni,Lucas Mugni,4,7,1.6,4.73,-0.06,2.91,20,0,22,0,2,0,0,0,0,0,13,126,2,0,4,8,1,4,0
Sport,292,Marcos Vinícius Sousa Natividade,marquinhos,Marquinhos,5,7,2.8,6.9,-0.34,3.22,21,0,25,0,6,0,0,0,0,0,77,103,0,0,2,8,3,0,0
Sport,292,Ewerthon Diógenes Da Silva,ewerthon,Ewerthon,2,6,0,2.96,0,4.6,1,0,1,0,0,0,1,0,0,0,0,9,0,0,0,0,0,0,0
Sport,292,Luciano Batista da Silva Junior,luciano-juba,Luciano Juba,2,6,4.7,3.25,0.11,2.38,15,0,10,0,1,0,3,0,0,0,1,109,2,2,1,1,0,0,0
Sport,292,Thiago Neves Augusto,thiago-neves,Thiago Neves,4,7,10.1,6.15,1.78,2.67,17,0,6,0,1,0,0,0,0,0,8,105,2,0,8,9,3,0,0
Sport,292,Dalberto Luan Belo,dalberto,Dalberto,5,7,4.8,3.02,1.61,0.9,2,0,7,0,0,0,0,0,0,0,0,7,0,1,2,2,0,2,0
Sport,292,Marcos Antônio Almeida Silva,marcao-silva,Marcão Silva,4,7,1.9,4.48,0.26,1.96,13,0,24,0,3,0,0,0,0,0,10,17,0,0,0,4,1,0,0
Sport,292,Gustavo Silva de Oliveira,gustavo-oliveira,Gustavo Oliveira,4,6,0,1,0,0,0,0,0,0,0,0,0,0,0,0,0,0,0,0,0,0,0,0,0
Sport,292,Mikael Filipe Viana,mikael,Mikael,5,6,0.7,3.04,0.1,1.66,8,0,2,0,0,0,0,0,0,0,2,9,0,0,3,2,1,0,0
Sport,292,Márcio Rodrigues Araújo,marcio-araujo,Márcio Araújo,4,6,0,3.47,0,0.67,6,0,6,0,0,0,0,0,0,0,3,15,0,0,0,0,0,0,0
Sport,292,Rafael Thyere de Albuquerque Marques,rafael-thyere,Rafael Thyere,3,6,0,2.91,0,2.47,3,0,1,0,1,0,2,0,0,0,0,11,0,0,0,0,0,0,0
Sport,292,Leandro Barcia Montero,leandro-barcia,Leandro Barcia,5,5,0,7.56,0,2.94,16,0,19,0,2,0,0,0,0,0,20,86,0,0,6,6,3,6,0
Sport,292,Roberto Pimenta Vinagre Filho,betinho,Betinho,4,6,0.4,4.22,0.08,1.67,12,0,25,0,3,0,0,0,0,0,10,58,1,0,0,3,0,0,0
Sport,292,Adryelson Shawann Lima Silva,adryelson,Adryelson,3,7,4.3,3.99,0.96,1.24,22,0,29,1,6,0,5,0,0,0,14,80,0,1,2,6,0,1,0
Sport,292,Ronaldo Henrique Ferreira da Silva,ronaldo-henrique,Ronaldo Henrique,4,2,4.5,3.47,0.61,0.76,12,0,13,0,2,0,0,0,0,0,8,26,0,0,0,4,0,0,0
Sport,292,Raul Prata,raul-prata,Raul Prata,2,6,8.2,5.87,0.31,7.3,3,0,1,0,0,0,3,0,0,0,2,8,0,0,1,0,0,0,0
Athlético-PR,293,Márcio Gonzaga de Azevedo,marcio-azevedo,Márcio Azevedo,2,5,0,2.88,0,0.18,6,0,9,0,1,0,1,0,0,0,4,49,0,0,0,0,0,1,0
Athlético-PR,293,Thiago Heleno Henrique Ferreira,thiago-heleno,Thiago Heleno,3,7,0,4.69,0,2.53,16,0,14,1,3,1,5,0,0,0,15,77,1,0,2,9,1,0,0
Athlético-PR,293,Walter Henrique da Silva,walter,Walter,5,6,0,3.11,0,0.38,10,0,3,0,0,0,0,0,0,0,6,18,0,0,1,3,0,1,0
Athlético-PR,293,Luis Oscar González,lucho-gonzalez,Lucho González,4,6,-0.6,2.66,0.04,-0.1,8,0,6,0,1,0,0,0,0,0,3,26,0,1,0,1,0,3,0
Athlético-PR,293,Geuvânio Santos Silva,geuvanio,Geuvânio,5,6,0,4.57,0,2.37,11,0,15,0,4,0,0,0,0,0,13,44,2,1,7,2,1,1,0
Athlético-PR,293,Jandrei Chitolina Carniel,jandrei,Jandrei,1,6,0,9.01,0,5.35,4,0,0,0,0,0,2,5,0,3,0,26,0,0,0,0,0,0,0
Athlético-PR,293,Fernando Canesin Matos,fernando-canesin,Fernando Canesin,4,6,0,0.98,0,-0.52,6,0,4,0,2,0,0,0,0,0,1,14,0,0,0,1,0,0,0
Athlético-PR,293,Carlos Eduardo Ferreira de Souza,carlos-eduardo,Carlos Eduardo,5,7,3.5,5.8,0.38,3.18,17,0,11,0,0,0,0,0,0,0,20,48,2,0,3,6,3,2,0
Athlético-PR,293,Jonathan Cícero Moreira,jonathan,Jonathan,2,6,0,9.64,0,3.07,8,0,4,0,2,0,4,0,0,0,4,45,1,0,0,0,0,0,0
Athlético-PR,293,José Ivaldo Almeida Silva,ze-ivaldo,Zé Ivaldo,3,7,-0.6,5.29,-0.37,1.95,6,0,5,0,1,0,2,0,0,0,2,22,0,0,0,3,0,0,0
Athlético-PR,293,Erick Luis Conrado de Carvalho,erick,Erick,4,5,-1,4.18,-0.55,2.03,17,0,36,0,5,0,0,0,0,0,5,58,1,0,7,13,0,0,0
Athlético-PR,293,Felipe Aguilar Mendoza,aguilar,Aguilar,3,6,0.7,5.19,-0.71,1.71,8,0,4,1,1,0,2,0,0,0,2,11,0,0,1,2,0,0,0
Athlético-PR,293,Guilherme Bissoli Campos,bissoli,Bissoli,5,6,1.5,2.37,0.48,0.68,8,0,5,0,0,0,0,0,0,0,3,8,0,1,2,1,0,2,0
Athlético-PR,293,Lucas Halter,lucas-halter,Lucas Halter,3,6,0,2.68,0,0.79,7,0,7,0,1,0,0,0,0,0,4,30,1,0,1,1,0,0,0
Athlético-PR,293,Vitor Hugo Naum dos Santos,vitinho,Vitinho,5,5,0,15.46,0,5.9,5,0,13,0,1,0,0,0,0,0,11,29,1,1,4,2,2,0,0
Athlético-PR,293,Khellven Douglas Silva Oliveira,khellven,Khellven ,2,7,0,3.98,0,0.77,8,0,10,0,2,0,1,0,0,0,2,55,0,0,0,2,0,0,0
Athlético-PR,293,Lucas Eduardo Ribeiro de Souza,edu,Edu,3,6,0,2,0,0,0,0,0,0,0,0,0,0,0,0,0,0,0,0,0,0,0,0,0
Athlético-PR,293,Abner Vinícius da Silva Santos,abner-vinicius,Abner Vinícius,2,7,-0.9,8.57,-0.92,2.75,20,0,23,0,3,0,6,0,0,0,11,189,2,0,5,7,1,1,0
Athlético-PR,293,Aderbar Melo dos Santos Neto,santos,Santos,1,7,3.6,6.17,-0.79,1.95,18,0,1,0,0,0,4,12,3,21,1,129,0,0,0,0,0,0,0
Athlético-PR,293,Leonardo Cittadini,leo-cittadini,Léo Cittadini,4,7,0.4,12.09,-2.04,3.82,20,0,41,0,4,0,0,0,0,0,34,74,0,0,8,17,3,0,0
Athlético-PR,293,Jorge de Moura Xavier,jorginho,Jorginho,4,6,0,9.05,0,3.86,9,0,8,0,0,0,0,0,0,0,13,39,0,0,1,5,2,0,0
Athlético-PR,293,Paulo César Autuori de Mello,paulo-autuori,Paulo Autuori,6,7,1.5,8.17,-0.14,3.01,19,0,0,0,0,0,0,0,0,0,0,0,0,0,0,0,0,0,0
Athlético-PR,293,Richard Cândido Coelho,richard,Richard,4,7,2.8,2.51,0.17,1.03,16,0,21,0,3,0,0,0,0,0,16,47,0,0,1,3,0,0,0
Athlético-PR,293,Pedro Henrique Ribeiro Gonçalves,pedro-henrique,Pedro Henrique,3,5,0.1,4.95,0.06,3,16,0,10,0,1,0,5,0,0,0,11,61,0,0,1,3,0,0,0
Athlético-PR,293,Renato Kayzer de Souza,renato-kayzer,Renato Kayzer,5,7,3.8,7.4,0.81,4.49,19,0,36,0,2,0,0,0,0,0,32,73,1,0,15,18,7,11,0
Athlético-PR,293,Fabio Augusto Luciano da Silva,fabinho,Fabinho,5,6,0,2.28,0,1.98,12,0,5,0,0,0,0,0,0,0,6,57,0,0,5,5,1,2,0
Athlético-PR,293,Bruno da Silva Costa Leite,bruno-leite,Bruno Leite,4,6,0,0.77,0,-0.6,1,0,0,0,0,0,0,0,0,0,0,1,0,0,0,0,0,1,0
Athlético-PR,293,Kawan Gabriel da Silva,kawan,Kawan,4,6,0,0.72,0,-2.6,1,0,1,0,1,0,0,0,0,0,0,1,0,0,0,0,0,0,0
Athlético-PR,293,Jaime Alberto Alvarado Hoyos,alvarado,Alvarado,4,6,0,3.41,0,0.61,8,0,5,0,1,0,0,0,0,0,1,11,0,1,0,0,0,0,0
Athlético-PR,293,Léo Matias Baiersdorf Linck,leo-linck,Léo Linck,1,6,0,1,0,0,0,0,0,0,0,0,0,0,0,0,0,0,0,0,0,0,0,0,0
Athlético-PR,293,Mycael Pontes Moreira,mycael,Mycael,1,6,0,1,0,0,0,0,0,0,0,0,0,0,0,0,0,0,0,0,0,0,0,0,0
Athlético-PR,293,Maycon Vinícius Ferreira da Cruz,nikao,Nikão,4,7,1,8.75,-0.15,1.19,14,0,19,0,2,0,0,0,0,0,24,91,1,2,6,10,0,8,1
Athlético-PR,293,Christian Roberto Alves Cardoso,christian,Christian,4,7,0.7,0.89,0.13,0.3,17,0,32,0,5,0,0,0,0,0,21,84,0,1,2,2,1,2,0
Athlético-PR,293,Bento Matheus Krepski,bento,Bento,1,6,0,0.94,0,1,1,0,0,0,0,0,0,2,0,3,0,10,0,0,0,0,0,0,0
Athlético-PR,293,Luan Patrick Wiedthauper,luan-patrick,Luan Patrick,3,6,0,2,0,0,0,0,0,0,0,0,0,0,0,0,0,0,0,0,0,0,0,0,0
Athlético-PR,293,Jair Diego Alves de Brito,jaja,Jajá,5,6,0,1,0,0,0,0,0,0,0,0,0,0,0,0,0,0,0,0,0,0,0,0,0
Athlético-PR,293,Orlando Arcanjo Valnier,orlando,Orlando,1,6,0,1,0,0,0,0,0,0,0,0,0,0,0,0,0,0,0,0,0,0,0,0,0
Athlético-PR,293,Rokenedy dos Santos,rokenedy,Rokenedy ,1,6,0,1,0,0,0,0,0,0,0,0,0,0,0,0,0,0,0,0,0,0,0,0,0
Athlético-PR,293,Iago André Pires de Oliveira,iago,Iago,5,6,0,1,0,0,0,0,0,0,0,0,0,0,0,0,0,0,0,0,0,0,0,0,0
Athlético-PR,293,Caio Alan Tem Catem Gonçalves,caio,Caio,1,6,0,1,0,0,0,0,0,0,0,0,0,0,0,0,0,0,0,0,0,0,0,0,0
Athlético-PR,293,Reinaldo Nascimento Satorno,reinaldo,Reinaldo,5,6,0.5,2.14,-0.2,0.98,5,0,8,0,0,0,0,0,0,0,7,22,0,0,0,2,0,0,0
Athlético-PR,293,João Victor da Silva Oliveira,joao-victor,João Victor,2,6,0,1.07,0,1.03,3,0,2,0,0,0,0,0,0,0,3,4,0,0,0,0,0,0,0
Athlético-PR,293,Jadson Rodrigues da Silva,jadson,Jadson,4,6,0,5,0,0,0,0,0,0,0,0,0,0,0,0,0,0,0,0,0,0,0,0,0
Athlético-PR,293,Ravanelli Ferreira dos Santos,ravanelli,Ravanelli,4,6,1,3.76,-0.12,2.21,11,0,9,0,0,0,0,0,0,0,12,38,1,1,3,5,1,2,0
Coritiba,294,José Sabino Chagas Monteiro,sabino,Sabino,3,7,6.3,8.84,-0.02,3.99,23,0,9,1,2,0,6,0,0,0,19,122,0,1,0,5,4,2,0
Coritiba,294,Matheus Galdezani,matheus-galdezani,Matheus Galdezani,4,7,0,11.46,0,4.68,17,0,21,0,3,0,0,0,0,0,36,110,1,2,6,11,1,0,0
Coritiba,294,Alex Roberto Santana Rafael ,alex-muralha,Alex Muralha,1,6,0,5,0,0,0,0,0,0,0,0,0,0,0,0,0,0,0,0,0,0,0,0,0
Coritiba,294,Wilson Rodrigues de Moura Júnior,wilson,Wilson,1,7,1.3,8.26,-1.65,2.59,24,0,0,0,0,0,6,27,1,32,2,210,0,0,0,0,0,0,0
Coritiba,294,Ezequiel Cerutti,cerutti,Cerutti,5,5,0,6.01,0,-0.4,2,0,3,0,0,0,0,0,0,0,3,8,0,0,0,0,0,0,0
Coritiba,294,Hugo Moura Arruda da Silva,hugo-moura,Hugo Moura,4,2,1.3,2.68,-0.07,1,15,0,30,0,3,0,0,0,0,0,18,46,0,0,1,3,0,0,0
Coritiba,294,Ricardo de Oliveira,ricardo-oliveira,Ricardo Oliveira,5,7,0.6,5.8,0,0.3,7,0,9,0,1,0,0,0,0,0,4,13,0,1,3,1,0,1,0
Coritiba,294,Ramón Martínez López,ramon-martinez,Ramón Martínez,4,6,0,2.84,0,0.31,7,0,7,0,1,0,0,0,0,0,3,8,0,0,0,0,0,0,0
Coritiba,294,Martín Nicolás Sarrafiore,sarrafiore,Sarrafiore,4,6,0,2.34,0,1.23,6,0,4,0,1,0,0,0,0,0,5,21,0,0,1,6,0,0,0
Coritiba,294,Guilherme da Trindade Dubas,guilherme-biro,Guilherme Biro,5,6,0,1.29,0,-0.55,2,0,3,0,0,0,0,0,0,0,0,6,0,0,0,0,0,0,0
Coritiba,294,Robson dos Santos Fernandes,robson,Robson,5,2,-1.3,8.74,-0.51,4.32,23,0,42,0,5,0,0,0,0,0,45,114,1,4,11,26,6,13,0
Coritiba,294,Nathanael Ananias da Silva,nathan-silva,Nathan Silva,4,6,0,1.78,0,0.39,9,0,24,0,5,0,0,0,0,0,8,26,0,0,0,4,1,0,0
Coritiba,294,Maílton dos Santos de Sá,mailton,Maílton,2,7,2,3.12,-0.95,1.84,9,0,5,0,1,0,2,0,0,0,9,57,0,0,2,3,0,3,0
Coritiba,294,Matheus Bueno Batista,matheus-bueno,Matheus Bueno,4,6,0.2,2.17,-0.15,1.24,18,0,15,0,1,0,0,0,0,0,16,52,0,0,3,3,0,0,0
Coritiba,294,Henrique Vermudt,henrique-vermudt,Henrique Vermudt,4,6,0,1.75,0,0.73,3,0,0,0,0,0,0,0,0,0,1,13,0,0,0,0,0,0,0
Coritiba,294,Rafael da Silva Francisco,rafinha,Rafinha,4,7,3.7,6.13,0.56,2.05,2,0,3,0,0,0,0,0,0,0,5,19,0,0,1,1,0,0,0
Coritiba,294,Luiz Rhodolfo Dini Gaioto,rhodolfo,Rhodolfo,3,7,5.3,5.06,0.35,2.58,8,0,4,0,1,0,2,0,0,0,3,44,0,1,0,0,0,1,0
Coritiba,294,William Matheus da Silva,william-matheus,William Matheus,2,7,0,5.76,0,2.64,22,0,20,0,3,0,6,0,0,0,25,187,3,0,1,8,1,5,0
Coritiba,294,Giovanni Augusto Oliveira Cardoso,giovanni-augusto,Giovanni Augusto,4,7,1,7.95,-1.05,5.96,17,0,11,0,1,0,0,0,0,0,41,110,5,1,4,5,4,1,0
Coritiba,294,Patrick de Oliveira Vieira,patrick-vieira,Patrick Vieira,2,6,0,4.64,0,1.55,4,0,5,0,1,0,1,0,0,0,3,35,0,0,2,1,0,1,0
Coritiba,294,Matheus de Sales Cabral,matheus-sales,Matheus Sales,4,2,0,3.63,0,1.63,18,0,33,0,3,0,0,0,0,0,39,62,0,0,0,5,0,1,0
Coritiba,294,Nathan Otávio Ribeiro,nathan-ribeiro,Nathan Ribeiro,3,6,0,3,0,0,0,0,0,0,0,0,0,0,0,0,0,0,0,0,0,0,0,0,0
Coritiba,294,Geovane Henrique Pereira de Souza,geovane,Geovane,2,6,0,3,0,0,0,0,0,0,0,0,0,0,0,0,0,0,0,0,0,0,0,0,0
Coritiba,294,Marco Antônio Amorim de Oliveira Montes,marcao,Marcão,1,6,0,1,0,0,0,0,0,0,0,0,0,0,0,0,0,0,0,0,0,0,0,0,0
Coritiba,294,Neilton Meira Mestzk,neilton,Neilton,5,2,3.9,5.87,-0.02,2.42,13,0,15,0,1,0,0,0,0,0,15,46,2,0,3,5,0,1,0
Coritiba,294,Yan Medeiros Sasse,yan-sasse,Yan Sasse,4,6,1.3,1.09,-0.06,-0.01,15,0,16,0,3,1,0,0,0,0,7,33,0,0,1,5,0,1,0
Coritiba,294,Jonathan Francisco Lemos,jonathan,Jonathan,2,6,-0.1,4.51,-0.81,3.12,14,0,7,0,1,0,4,0,0,0,7,66,0,1,1,2,0,1,0
Coritiba,294,Brayan Damián Lucumí Lucumí,brayan-lucumi,Brayan Lucumí ,5,6,0,3.9,0,0.75,2,0,0,0,0,0,0,0,0,0,0,3,0,0,0,1,0,0,0
Coritiba,294,Nathan Uilian Fogaça,nathan,Nathan ,5,6,0,0.79,0,0.17,7,0,4,0,0,0,0,0,0,0,3,12,0,0,2,0,0,1,0
Coritiba,294,Arthur Henrique Bittencourt,arthur,Arthur,1,6,0,1,0,0,0,0,0,0,0,0,0,0,0,0,0,0,0,0,0,0,0,0,0
Coritiba,294,Diego Santos Monteiro,diego-monteiro,Diego Monteiro,1,6,0,1,0,0,0,0,0,0,0,0,0,0,0,0,0,0,0,0,0,0,0,0,0
Coritiba,294,Christian Kendji Wagatsuma Ferreira,kazu,Kazu,2,6,0,1,0,0,0,0,0,0,0,0,0,0,0,0,0,0,0,0,0,0,0,0,0
Coritiba,294,Luiz Henrique Augustin ,luiz-henrique,Luiz Henrique,4,6,0,1.52,0,0.84,7,0,4,0,0,0,0,0,0,0,3,14,0,0,0,1,0,0,0
Coritiba,294,Mattheus Andrade Gama de Oliveira,mattheus,Mattheus,4,6,2.8,4.16,0.02,2.77,6,0,4,0,0,0,0,0,0,0,7,29,0,0,1,1,1,0,0
Coritiba,294,Pablo Thiago Ferreira Thomaz,pablo-thomaz,Pablo Thomaz,5,6,0.4,0.84,-0.1,0.54,5,0,1,0,0,0,0,0,0,0,3,5,0,0,1,0,0,0,0
Coritiba,294,Natanael Moreira Milouski,natanael,Natanael,2,6,0,2.68,0,2.26,11,0,16,0,0,1,3,0,0,0,10,44,0,0,1,2,0,1,0
Coritiba,294,João Vitor Moreira Dos Santos,robinho,Robinho,5,6,0,1,0,0,0,0,0,0,0,0,0,0,0,0,0,0,0,0,0,0,0,0,0
Coritiba,294,Osman de Menezes Venâncio Junior,osman,Osman,5,6,0,3.19,-0.11,0.47,3,0,1,0,0,0,0,0,0,0,0,11,0,0,0,0,0,0,0
Coritiba,294,Eriélton Carlos Pacheco,pachequinho,Pachequinho,6,7,0,8.52,0,5.06,1,0,0,0,0,0,0,0,0,0,0,0,0,0,0,0,0,0,0
Ceará,354,Fernando Buttenbender Prass,fernando-prass,Fernando Prass,1,6,0,5.57,0,2.7,21,0,1,0,2,0,6,28,0,32,2,176,0,0,0,0,0,0,0
Ceará,354,Saulo Rodrigues da Silva,saulo-mineiro,Saulo Mineiro,5,6,-1.7,2.94,-1.96,4.04,5,0,11,0,0,0,0,0,0,0,2,7,0,1,0,3,2,0,0
Ceará,354,Augusto Sérgio Ferreira,guto-ferreira,Guto Ferreira,6,7,3.83,9.38,-0.52,3.79,24,0,0,0,0,0,0,0,0,0,0,0,0,0,0,0,0,0,0
Ceará,354,Gabriel Santos Cordeiro Lacerda,gabriel-lacerda,Gabriel Lacerda,3,6,0,3.37,0,3.01,8,0,3,0,0,0,3,0,0,0,3,32,1,0,1,0,0,0,0
Ceará,354,Vitor João Batista Santos,vitao,Vitão,3,6,0,1,0,0,0,0,0,0,0,0,0,0,0,0,0,0,0,0,0,0,0,0,0
Ceará,354,Francisco Vítor Silva Costa,victor-jacare,Victor Jacaré,5,6,1,5.81,0.12,1.6,7,0,8,0,2,0,0,0,0,0,12,15,0,0,2,6,1,1,0
Ceará,354,Marthã Fernando Gonçalves Pimenta,martha,Marthã,4,6,0,0.83,0,-0.47,3,0,2,0,1,0,0,0,0,0,2,4,0,0,0,0,0,0,0
Ceará,354,Mateus Gonçalves Martins,mateus-goncalves,Mateus Gonçalves,5,6,0,6.53,0,1.84,13,0,5,0,1,0,0,0,0,0,2,34,0,0,5,6,1,2,0
Ceará,354,Kelvyn Ramos da Fonseca,kelvyn,Kelvyn,2,6,0,2.25,0,2.34,8,0,5,0,0,0,2,0,0,0,4,16,0,0,0,1,1,0,0
Ceará,354,Leonardo Alves Chú Franco,leo-chu,Léo Chú,5,7,9.3,4.36,1.14,4.9,9,0,7,0,1,0,0,0,0,0,7,44,4,0,2,7,1,7,0
Ceará,354,Pedro Henrique Naressi Machado,pedro-naressi,Pedro Naressi,4,6,4.2,1.92,-0.41,2.43,7,0,12,0,3,0,0,0,0,0,8,26,1,0,0,2,1,0,0
Ceará,354,Vinícius Rayan Pereira dos Santos,rayan,Rayan,5,6,0,1,0,0,0,0,0,0,0,0,0,0,0,0,0,0,0,0,0,0,0,0,0
Ceará,354,Carlos Eduardo Santos Oliveira,eduardo,Eduardo,2,3,0,2.99,0,1.44,8,0,9,0,1,1,1,0,0,0,5,62,0,1,1,0,1,1,0
Ceará,354,Wescley Gomes dos Santos,wescley,Wescley,4,6,4.7,3.4,0.08,1.48,13,0,11,0,1,0,0,0,0,0,3,24,3,0,0,2,1,0,0
Ceará,354,Felipe de Oliveira Silva,felipe-baxola,Felipe Baxola,4,6,-1.1,3.18,-0.01,0.33,7,0,5,0,0,0,0,0,0,0,2,25,1,0,0,1,0,3,0
Ceará,354,Felipe dos Reis Pereira Vizeu do Carmo,felipe-vizeu,Felipe Vizeu,5,5,0,7.58,0,3.4,3,0,1,0,0,0,0,0,0,0,2,3,0,0,1,1,1,0,0
Ceará,354,Vinícius Goes Barbosa de Souza,vina,Vina,4,7,0,11.65,0,6.93,17,0,10,0,2,0,0,0,0,0,15,161,4,1,19,21,8,4,0
Ceará,354,Diogo José Gonçalves da Silva,diogo-silva,Diogo Silva,1,6,0,4,0,0,0,0,0,0,0,0,0,0,0,0,0,0,0,0,0,0,0,0,0
Ceará,354,Luiz Otávio Anacleto Leandro,luiz-otavio,Luiz Otávio,3,7,2.7,4.82,-0.83,2.17,18,0,25,0,7,1,5,0,0,0,4,55,0,1,1,1,1,0,0
Ceará,354,Ricardo Dias Acosta,ricardinho,Ricardinho,4,6,0,2.38,0,0.5,10,0,5,0,1,0,0,0,0,0,1,57,0,1,2,1,0,1,0
Ceará,354,Samuel Xavier Brito,samuel-xavier,Samuel Xavier,2,7,2.3,6.33,-0.4,3.24,18,0,24,0,4,1,6,0,0,0,28,183,3,0,1,5,0,1,0
Ceará,354,Eduardo Schroeder Brock,eduardo-brock,Eduardo Brock,3,6,0,3.07,0,2.85,6,0,2,0,1,0,1,0,0,0,1,42,0,0,1,2,1,0,0
Ceará,354,Tiago Pagnussat,tiago,Tiago ,3,7,1.6,6.07,-0.25,2.75,16,0,14,0,6,0,5,0,0,0,13,79,0,0,1,4,1,2,0
Ceará,354,Fernando Pereira do Nascimento,fernando-sobral,Fernando Sobral,4,7,1.2,12.37,-0.85,4.58,22,0,37,0,2,0,0,0,0,0,38,141,3,1,9,16,1,6,0
Ceará,354,Fábio Gonçalves,fabinho,Fabinho,4,7,4.7,4.61,-0.12,2.2,19,0,7,0,3,0,0,0,0,0,10,61,0,0,3,6,0,0,0
Ceará,354,Willian Klaus,klaus,Klaus,3,6,0,3.27,0,1.4,4,0,1,0,0,0,1,0,0,0,2,9,0,0,0,0,0,0,0
Ceará,354,Bruno de Jesus Pacheco,bruno-pacheco,Bruno Pacheco,2,7,2.2,8.35,-0.79,3.68,19,0,26,0,1,1,6,0,0,0,23,140,2,0,0,3,0,0,0
Ceará,354,William Oliveira dos Santos,william-oliveira,William Oliveira,4,5,0,2.05,0,0.43,6,0,8,0,3,0,0,0,0,0,8,8,0,0,0,3,0,0,0
Ceará,354,Richard de Oliveira da Costa,richard,Richard,1,7,3.6,3.77,-0.03,1.6,3,0,0,0,0,0,1,2,0,3,2,32,0,0,0,0,0,0,0
Ceará,354,Cléber Bomfim de Jesus,cleber,Cléber,5,7,1.7,10.96,0.54,3.56,22,0,47,0,0,0,0,0,0,0,21,62,1,1,9,18,5,8,0
Ceará,354,Vinicius Moreira de Lima,lima,Lima,4,7,5.8,5.89,0.67,2.24,18,0,19,0,4,0,0,0,0,0,21,50,1,0,4,2,2,4,0
Ceará,354,Alyson Vinícius Almeida Neves,alyson,Alyson,2,6,0,2.32,0,1.17,6,0,9,0,3,0,1,0,0,0,8,51,0,0,0,2,0,2,0
Ceará,354,Charles Rigon Mattos,charles,Charles,4,6,0,7.04,0,2.88,20,0,37,0,4,0,0,0,0,0,15,86,1,0,3,8,2,0,0
Ceará,354,Rick Jhonatan Lima Morais,rick,Rick,5,6,0,1.16,0,0.48,4,0,5,0,0,0,0,0,0,0,6,6,0,0,0,0,0,0,0
Ceará,354,Leandro Carvalho da Silva,leandro-carvalho,Leandro Carvalho,5,6,-0.1,5.26,0.02,1.85,17,0,12,0,3,1,0,0,0,0,21,58,1,0,3,7,1,1,0
Ceará,354,Francisco Tiago da Silva Santos,tiago-silva,Tiago Silva,4,6,0,1,0,0,0,0,0,0,0,0,0,0,0,0,0,0,0,0,0,0,0,0,0
Ceará,354,Cristiano Pereira de Oliveira ,cristiano,Cristiano,5,6,0,1,0,0,0,0,0,0,0,0,0,0,0,0,0,0,0,0,0,0,0,0,0
Fortaleza,356,Wellington Pereira do Nascimento,wellington-paulista,Wellington Paulista,5,2,0.5,7.57,-0.31,3.17,19,0,18,0,0,0,0,0,0,0,20,35,1,1,4,8,5,5,0
Fortaleza,356,Felipe Alves Raymundo,felipe-alves,Felipe Alves,1,7,3.1,3.86,0.42,1.52,20,0,0,0,0,0,6,15,0,20,4,235,0,0,0,0,0,0,0
Fortaleza,356,Yuri César Santos de Oliveira Silva,yuri-cesar,Yuri César ,5,6,0.3,4.49,0.08,1.97,19,0,16,0,2,0,0,0,0,0,25,32,1,0,4,13,1,4,0
Fortaleza,356,Marcelo Boeck,marcelo-boeck,Marcelo Boeck,1,6,0,4,0,0,0,0,0,0,0,0,0,0,0,0,0,0,0,0,0,0,0,0,0
Fortaleza,356,Mariano Vázquez,mariano-vazquez,Mariano Vázquez,4,6,0.1,1.05,-0.07,-0.14,9,0,4,0,1,0,0,0,0,0,6,8,0,0,0,0,0,1,0
Fortaleza,356,Juan Sebastián Quintero Fletcher,quintero,Quintero,3,5,0,1.67,0,1.38,9,0,6,0,3,1,4,0,0,0,3,17,0,0,0,2,0,0,0
Fortaleza,356,Roger de Carvalho,roger-carvalho,Roger Carvalho,3,5,0,2.77,0,2.1,5,0,3,0,0,1,3,0,0,0,2,10,0,0,0,0,0,0,0
Fortaleza,356,Luiz Henrique Araújo Silva,luiz-henrique,Luiz Henrique,4,6,0,1.66,0,0.5,1,0,1,0,0,0,0,0,0,0,0,0,0,0,0,0,0,0,0
Fortaleza,356,Wanderley de Jesus Sousa,derley,Derley,4,6,0,2.82,0,-0.35,2,0,1,0,1,0,0,0,0,0,0,0,0,0,0,1,0,0,0
Fortaleza,356,Paulo Marcos de Jesus Ribeiro,paulao,Paulão,3,7,-1.9,2.62,-0.72,1.82,18,0,21,0,3,0,6,0,0,0,7,65,0,0,2,3,0,3,0
Fortaleza,356,Carlos Emiliano Pereira,carlinhos,Carlinhos,2,6,-0.9,5.89,-0.25,2.67,15,0,20,0,1,0,6,0,0,0,15,86,0,0,0,2,0,1,0
Fortaleza,356,Jackson de Souza,jackson,Jackson,3,7,-0.8,3.21,-0.28,1.42,13,0,12,0,4,0,3,0,0,0,13,47,0,0,0,2,0,0,0
Fortaleza,356,Éderson Alves Ribeiro Silva,ederson,Éderson,5,6,0,2.41,0,-0.27,3,0,2,0,0,0,0,0,0,0,2,3,0,0,0,0,0,1,0
Fortaleza,356,Guilherme de Jesus da Silva,tinga,Tinga,2,7,0.8,6.3,0.17,3.68,13,0,7,0,1,0,5,0,0,0,8,153,2,1,2,1,0,1,0
Fortaleza,356,Max Walef Araújo da Silva,max-walef,Max Walef,1,6,0,3.76,0,11.4,1,0,0,0,0,0,1,2,0,0,1,21,0,0,0,0,0,0,0
Fortaleza,356,Bruno Ferreira Melo,bruno-melo,Bruno Melo,2,7,0,4.52,0,2.62,13,0,19,0,3,0,4,0,0,0,8,64,0,0,2,2,2,2,0
Fortaleza,356,José Romário Silva de Souza,romarinho,Romarinho,5,7,0,8.8,0,2.98,20,0,10,0,2,0,0,0,0,0,45,63,0,1,8,11,2,2,0
Fortaleza,356,Marlon Adriano Prezotti,marlon,Marlon,4,6,0,2.57,0,0.66,15,0,19,0,1,0,0,0,0,0,8,24,0,0,1,2,0,0,0
Fortaleza,356,Gabriel Dias de Oliveira,gabriel-dias,Gabriel Dias,2,5,0.9,6.71,-0.01,2.64,18,0,14,0,1,1,6,0,0,0,14,58,1,0,3,2,1,2,0
Fortaleza,356,David Correa da Fonseca,david,David,5,7,2,4.88,-0.62,2.67,20,0,41,0,4,0,0,0,0,0,23,76,2,0,4,13,5,8,0
Fortaleza,356,Luiz Antonio Ferreira Rodrigues,felipe,Felipe,4,7,3.8,5.58,-0.03,2.49,19,0,30,0,6,1,0,0,0,0,34,79,0,0,2,5,1,0,0
Fortaleza,356,Paulo Roberto Valoura Júnior,juninho,Juninho,4,7,11.6,6.04,1.7,2.99,20,0,30,0,5,0,0,0,0,0,26,158,3,0,4,17,2,0,0
Fortaleza,356,Osvaldo Lourenço Filho,osvaldo,Osvaldo,5,7,3.1,6.38,-0.29,2.68,20,0,8,0,2,0,0,0,0,0,16,88,3,1,6,10,1,2,0
Fortaleza,356,Francisco Rodrigo de Sousa Barbosa,diguinho,Diguinho,3,6,0,2,0,0,0,0,0,0,0,0,0,0,0,0,0,0,0,0,0,0,0,0,0
Fortaleza,356,Ronald dos Santos Lopes,ronald,Ronald,4,6,0.9,2.78,-0.25,1.84,15,0,15,0,1,0,0,0,0,0,18,23,1,0,2,0,0,0,0
Fortaleza,356,Geilson Cerqueira Almeida,geilson,Geilson,4,6,0,1,0,0,0,0,0,0,0,0,0,0,0,0,0,0,0,0,0,0,0,0,0
Fortaleza,356,Marcelo Augusto Oliveira Chamusca,marcelo-chamusca,Marcelo Chamusca,6,7,2.23,7.13,-0.46,2.79,3,0,0,0,0,0,0,0,0,0,0,0,0,0,0,0,0,0,0
Fortaleza,356,Bergson Gustavo Silveira da Silva,bergson,Bergson,5,2,1.1,2.62,-1.07,2.61,10,0,14,0,2,0,0,0,0,0,10,21,0,1,3,2,2,0,0
Fortaleza,356,Igor Torres da Silva,igor-torres,Igor Torres,5,6,0,1,0,0,0,0,0,0,0,0,0,0,0,0,0,0,0,0,0,0,0,0,0
Fortaleza,356, João Paulo Silveira dos Santos,joao-paulo-silveira,João Paulo Silveira,3,6,0,1,0,0,0,0,0,0,0,0,0,0,0,0,0,0,0,0,0,0,0,0,0
Fortaleza,356,João Paulo da Silva Alves,joao-paulo,João Paulo,4,6,-0.1,5.47,-1.53,-0.1,1,0,0,0,0,0,0,0,0,0,0,1,0,0,0,0,0,0,0
Fortaleza,356,Wanderson Santos Pereira,wanderson,Wanderson,3,6,0,3.36,0,1.2,1,0,0,0,0,0,0,0,0,0,1,3,0,0,0,0,0,0,0
Atlético-GO,373,João Victor da Silva Marcelino,joao-victor,João Victor,3,6,6,4.09,0.79,2.58,17,0,19,0,6,0,4,0,0,0,20,65,1,0,1,1,0,0,0
Atlético-GO,373,Luís Eduardo Marques dos Santos,dudu,Dudu,2,6,0.2,4.83,0.17,2.71,22,0,24,0,2,1,5,0,0,0,26,186,0,0,2,6,0,2,0
Atlético-GO,373,Ricardo Santos Silva,ricardo,Ricardo,4,6,0,2,0,0,0,0,0,0,0,0,0,0,0,0,0,0,0,0,0,0,0,0,0
Atlético-GO,373,Michel Custódio Gonçalves de Sousa,michel,Michel,3,6,0,1,0,0,0,0,0,0,0,0,0,0,0,0,0,0,0,0,0,0,0,0,0
Atlético-GO,373,Odair Marciano de Oliveira Filho,odair,Odair,3,6,0,2,0,0,0,0,0,0,0,0,0,0,0,0,0,0,0,0,0,0,0,0,0
Atlético-GO,373,Vitor Benedito Leque da Silva,vitor,Vitor,5,6,0,1.26,0,1.7,1,0,1,0,0,0,0,0,0,0,0,0,0,0,1,0,0,0,0
Atlético-GO,373,Danilo Alves da Silva,danilo,Danilo,3,6,0,1,0,0,0,0,0,0,0,0,0,0,0,0,0,0,0,0,0,0,0,0,0
Atlético-GO,373,Willian Marlon Ferreira Moraes,willian-maranhao,Willian Maranhão,4,6,0.7,2.82,0.36,1.07,13,0,22,0,3,1,0,0,0,0,9,34,0,0,2,5,0,1,0
Atlético-GO,373,Maurício Kozlinski,mauricio-kozlinski,Maurício Kozlinski,1,6,0,1.56,0,-7.8,1,0,0,0,0,0,0,0,0,3,0,18,0,0,0,0,0,0,0
Atlético-GO,373,Gilvan Souza Correa,gilvan,Gilvan,3,6,0,5.41,0,2.22,14,0,22,0,5,0,4,0,0,0,7,20,0,0,1,3,1,0,0
Atlético-GO,373,Edson Fernandes Botelho Júnior,edson-junior,Edson Júnior,5,6,0,1,0,0,0,0,0,0,0,0,0,0,0,0,0,0,0,0,0,0,0,0,0
Atlético-GO,373,Marlon Rodrigues Freitas,marlon-freitas,Marlon Freitas,4,6,6.7,6.35,0.82,2.08,18,0,22,0,2,1,0,0,0,0,15,106,1,1,9,11,0,0,0
Atlético-GO,373,Lucas da Cruz Oliveira,oliveira,Oliveira,3,6,0,3,0,2.82,9,0,9,0,2,0,2,0,0,0,7,34,0,0,0,1,2,0,0
Atlético-GO,373,Nicolas Vichiatto da Silva,nicolas,Nicolas,2,6,0.9,7.21,0.08,2.92,22,0,24,0,0,0,6,0,0,0,11,249,3,0,6,11,0,2,0
Atlético-GO,373,Janderson Santos de Souza,janderson,Janderson,5,6,-1.3,5.05,-0.29,2.82,20,0,18,0,1,0,0,0,0,0,23,123,3,0,6,12,2,1,0
Atlético-GO,373,Natanael Batista Pimenta,natanael,Natanael,2,6,0.7,3.56,0.02,1.85,9,0,6,0,1,0,2,0,0,0,8,55,0,0,1,3,0,1,0
Atlético-GO,373,Gustavo Henrique Ferrareis,gustavo-ferrareis,Gustavo Ferrareis,4,6,-0.3,7.61,-0.15,1.86,21,0,29,0,4,0,0,0,0,0,38,94,1,0,3,13,2,6,0
Atlético-GO,373,Éder Ferreira Graminho,eder,Éder ,3,6,-2.5,3.08,-0.61,1.07,20,0,25,0,3,0,5,0,0,0,11,82,0,0,1,2,0,0,0
Atlético-GO,373,Jean Paulo Fernandes Filho,jean,Jean,1,6,9.1,10.41,1.92,4.26,23,0,1,0,1,0,6,28,1,26,8,196,0,0,1,1,2,0,0
Atlético-GO,373,Gabriel Bernard Conceição da Silva,gabriel-bernard,Gabriel Bernard,1,6,0,1,0,0,0,0,0,0,0,0,0,0,0,0,0,0,0,0,0,0,0,0,0
Atlético-GO,373,Matheus de Vargas,matheus-vargas,Matheus Vargas,4,6,-2.2,2.44,-0.88,1.04,19,0,21,0,3,0,0,0,0,0,29,52,1,0,2,12,0,0,0
Atlético-GO,373,Danilo Gomes Magalhães,danilo-gomes,Danilo Gomes,5,6,-0.8,0.78,-0.24,0.98,4,0,2,0,0,0,0,0,0,0,3,9,0,0,0,1,0,3,0
Atlético-GO,373,Francisco Hyun Sol Kim,chico,Chico,5,6,3.7,5.13,0.11,2.83,22,0,26,0,2,0,0,0,0,0,39,140,3,2,12,11,1,1,0
Atlético-GO,373,Francisco Rithely da Silva Sousa,rithely,Rithely,4,6,0,4.1,0,0.1,2,0,0,0,0,0,0,0,0,0,1,3,0,0,0,0,0,0,0
Atlético-GO,373,José Roberto Assunção de Araújo Filho,ze-roberto,Zé Roberto,5,6,3.4,5.29,0.75,2.55,13,0,28,0,2,0,0,0,0,0,36,61,1,0,8,9,2,7,0
Atlético-GO,373,Leonardo Siqueira de Paiva Bezerra,leonardo,Leonardo,1,6,0,2,0,0,0,0,0,0,0,0,0,0,0,0,0,0,0,0,0,0,0,0,0
Atlético-GO,373,Matheus Sousa Pereira,pereira,Pereira,3,6,-2,3.49,-1.18,4.65,2,0,0,0,1,0,2,0,0,0,1,2,0,0,0,0,0,0,0
Atlético-GO,373,Marcelo Ribeiro Cabo,marcelo-cabo,Marcelo Cabo,6,6,2.69,8.81,0.38,3.43,5,0,0,0,0,0,0,0,0,0,0,0,0,0,0,0,0,0,0
Atlético-GO,373,Everton Felipe de Oliveira Silva,everton-felipe,Everton Felipe,4,6,0,2.95,0,0.76,13,0,6,0,2,1,0,0,0,0,17,79,1,0,4,2,0,0,0
Atlético-GO,373,Arnaldo Manoel de Almeida,arnaldo,Arnaldo,2,6,0,2.63,0,1.28,7,0,1,0,1,0,2,0,0,0,1,15,0,0,0,0,0,1,0
Atlético-GO,373,Gabriel Baralhas dos Santos,baralhas,Baralhas,4,6,0,4.6,0,4.9,1,0,1,0,0,0,0,0,0,0,0,4,0,0,0,1,0,0,0
Atlético-GO,373,Roberson de Arruda Alves,roberson,Roberson,5,6,7.5,5.71,2.16,5.9,2,0,2,0,0,0,0,0,0,0,0,2,0,1,0,0,1,0,0
Atlético-GO,373,Wellington Soares da Silva,wellington-rato,Wellington Rato,4,6,-0.2,1.66,-0.24,0.78,6,0,5,0,0,0,0,0,0,0,2,22,0,1,3,1,0,0,0
