grouping_key,clube_id,nome,slug,apelido,atleta_id,rodada_id,posicao_id,status_id,pontos_num,preco_num,variacao_num,media_num,jogos_num,RB,FC,GC,CA,CV,SG,DD,DP,GS,FS,PI,A,FT,FD,FF,G,I,PP
Flamengo,262,Gustavo Henrique Vernes,gustavo-henrique,Gustavo Henrique,78248,9,3,2,0,5.24,-0.34,2.05,4,0,0,0,0,0,0,0,0,0,0,0,0,0,0,0,0,0,0
Flamengo,262,Victor Vinícius Coelho dos Santos,vitinho,Vitinho,78435,9,5,2,0,6.14,0.2,1.33,6,0,0,0,0,0,0,0,0,0,0,0,0,0,0,0,0,0,0
Flamengo,262,Renê Rodrigues Martins,rene,Renê,78445,9,2,7,0,5.28,0,2.9,3,0,0,0,0,0,0,0,0,0,0,0,0,0,0,0,0,0,0
Flamengo,262,Leonardo Pereira,leo-pereira,Léo Pereira,83528,9,3,7,0,4.99,0,2.2,6,0,0,0,0,0,0,0,0,0,0,0,0,0,0,0,0,0,0
Flamengo,262,Gerson Santos da Silva,gerson,Gerson,89256,9,4,3,0,9.07,-0.33,1.98,7,0,0,0,0,0,0,0,0,0,0,0,0,0,0,0,0,0,0
Flamengo,262,Thiago Maia Alencar,thiago-maia,Thiago Maia,89637,9,4,7,0,5.44,0.27,1.17,4,0,0,0,0,0,0,0,0,0,0,0,0,0,0,0,0,0,0
Flamengo,262,Pedro Guilherme Abreu dos Santos,pedro,Pedro,94583,9,5,2,0,3.86,0,2.8,7,0,0,0,0,0,0,0,0,0,0,0,0,0,0,0,0,0,0
Flamengo,262,Pedro Rocha Neves,pedro-rocha,Pedro Rocha,90302,9,5,5,0,3.82,0,1.33,3,0,0,0,0,0,0,0,0,0,0,0,0,0,0,0,0,0,0
Flamengo,262,Gabriel Batista de Souza,gabriel-batista,Gabriel Batista,98333,9,1,2,0,1.56,-0.95,-0.9,3,0,0,0,0,0,0,0,0,0,0,0,0,0,0,0,0,0,0
Flamengo,262,Matheus Soares Thuler,thuler,Thuler,100125,9,3,6,0,2.37,0,-0.6,2,0,0,0,0,0,0,0,0,0,0,0,0,0,0,0,0,0,0
Flamengo,262,Michael Richard Delgado de Oliveira,michael,Michael,99392,9,5,2,0,6.02,-0.64,2.06,5,0,0,0,0,0,0,0,0,0,0,0,0,0,0,0,0,0,0
Flamengo,262,Matheus França Silva,matheuzinho,Matheuzinho,101727,9,2,2,0,2.21,-0.54,2.4,3,0,0,0,0,0,0,0,0,0,0,0,0,0,0,0,0,0,0
Flamengo,262,Lincoln Corrêa dos Santos,lincoln,Lincoln,100065,9,5,6,0,3.14,0,0.2,2,0,0,0,0,0,0,0,0,0,0,0,0,0,0,0,0,0,0
Flamengo,262,Rodrigo Caio Coquette Russo,rodrigo-caio,Rodrigo Caio,73800,9,3,2,0,8.92,-0.41,2.78,9,0,0,0,0,0,0,0,0,0,0,0,0,0,0,0,0,0,0
Flamengo,262,Everton Augusto de Barros Ribeiro,everton-ribeiro,Everton Ribeiro,51772,9,4,2,0,7.93,0.15,3.39,9,0,0,0,0,0,0,0,0,0,0,0,0,0,0,0,0,0,0
Flamengo,262,João Lucas de Almeida Carvalho,joao-lucas,João Lucas,104257,9,2,5,0,4.17,0,3.55,2,0,0,0,0,0,0,0,0,0,0,0,0,0,0,0,0,0,0
Flamengo,262,Willian Souza Arão da Silva,willian-arao,Willian Arão,78478,9,4,7,0,8.41,-0.3,1.86,9,0,0,0,0,0,0,0,0,0,0,0,0,0,0,0,0,0,0
Flamengo,262,Diego Alves Carreira,diego-alves,Diego Alves,38509,9,1,5,0,10.72,0,2.22,5,0,0,0,0,0,0,0,0,0,0,0,0,0,0,0,0,0,0
Flamengo,262,Filipe Luís Kasmirski,filipe-luis,Filipe Luís,38750,9,2,6,0,6.56,1.84,3.12,8,0,0,0,0,0,0,0,0,0,0,0,0,0,0,0,0,0,0
Flamengo,262,Diego Ribas da Cunha,diego,Diego,38909,9,4,7,0,4.69,0.3,0.02,6,0,0,0,0,0,0,0,0,0,0,0,0,0,0,0,0,0,0
Flamengo,262,César Bernardo Dutra,cesar,César,78086,9,1,2,0,5.09,0,3,3,0,0,0,0,0,0,0,0,0,0,0,0,0,0,0,0,0,0
Flamengo,262,Giorgian Daniel de Arrascaeta Benedetti,arrascaeta,Arrascaeta,87863,9,4,6,0,18.54,-0.25,6.42,8,0,0,0,0,0,0,0,0,0,0,0,0,0,0,0,0,0,0
Flamengo,262,Bruno Henrique Pinto,bruno-henrique,Bruno Henrique,90285,9,5,6,0,11.48,0,2.1,6,0,0,0,0,0,0,0,0,0,0,0,0,0,0,0,0,0,0
Flamengo,262,Hugo de Souza Nogueira,hugo-souza,Hugo Souza,101574,9,1,6,0,2,0,0,0,0,0,0,0,0,0,0,0,0,0,0,0,0,0,0,0,0,0
Flamengo,262,Rodrigo Muniz Carvalho,rodrigo-muniz,Rodrigo Muniz,107112,9,5,6,0,2,0,0,0,0,0,0,0,0,0,0,0,0,0,0,0,0,0,0,0,0,0
Flamengo,262,João Pedro Vilardi Pinto,pepe,Pepê,101573,9,4,6,0,2,0,0,0,0,0,0,0,0,0,0,0,0,0,0,0,0,0,0,0,0,0
Flamengo,262,Gabriel Barbosa Almeida,gabriel,Gabriel,83257,9,5,7,0,14.49,0.48,7.52,8,0,0,0,0,0,0,0,0,0,0,0,0,0,0,0,0,0,0
Flamengo,262,Mauricio Aníbal Isla Isla,isla,Isla,69345,9,2,2,0,8.17,-0.27,2.6,4,0,0,0,0,0,0,0,0,0,0,0,0,0,0,0,0,0,0
Flamengo,262,Domènec Torrent Font,domenec-torrent,Domènec Torrent,109505,9,6,7,0,8.82,-0.04,3.59,9,0,0,0,0,0,0,0,0,0,0,0,0,0,0,0,0,0,0
Flamengo,262,Ramon Ramos Lima,ramon,Ramon,101597,9,2,6,0,1.54,-0.46,0,1,0,0,0,0,0,0,0,0,0,0,0,0,0,0,0,0,0,0
Flamengo,262,João Fernando Monteiro Siqueira,joao-fernando,João Fernando,104079,9,1,6,0,1,0,0,0,0,0,0,0,0,0,0,0,0,0,0,0,0,0,0,0,0,0
Botafogo,263,Keisuke Honda,honda,Honda,69940,9,4,7,0,6.09,0,2.82,5,0,0,0,0,0,0,0,0,0,0,0,0,0,0,0,0,0,0
Botafogo,263,Roberto Junior Fernández Torres,gatito-fernandez,Gatito Fernández,74061,9,1,6,0,12.8,0,4.36,7,0,0,0,0,0,0,0,0,0,0,0,0,0,0,0,0,0,0
Botafogo,263,Lucas da Silva Ribeiro Campos,lucas-campos,Lucas Campos,99903,9,5,6,0,2,0,0,0,0,0,0,0,0,0,0,0,0,0,0,0,0,0,0,0,0,0
Botafogo,263,Warley Leandro da Silva,warley,Warley,104646,9,5,6,0,3,0,0,0,0,0,0,0,0,0,0,0,0,0,0,0,0,0,0,0,0,0
Botafogo,263,Diego Cavalieri,diego-cavalieri,Diego Cavalieri,38431,9,1,7,0,5.72,-1.28,1.4,1,0,0,0,0,0,0,0,0,0,0,0,0,0,0,0,0,0,0
Botafogo,263,Luis Henrique Tomaz de Lima,luis-henrique,Luis Henrique ,105049,9,5,6,0,4.76,0,2.1,5,0,0,0,0,0,0,0,0,0,0,0,0,0,0,0,0,0,0
Botafogo,263,Salomon Armand Magloire Kalou,kalou,Kalou,69524,9,5,6,0,7.37,-1.59,3.6,3,0,0,0,0,0,0,0,0,0,0,0,0,0,0,0,0,0,0
Botafogo,263,Paulo César Autuori de Mello,paulo-autuori,Paulo Autuori,36943,9,6,7,0,8.33,-0.13,3.23,8,0,0,0,0,0,0,0,0,0,0,0,0,0,0,0,0,0,0
Botafogo,263,Bruno dos Santos Nazário,bruno-nazario,Bruno Nazário,81776,9,4,7,0,6.99,-1,2.5,8,0,0,0,0,0,0,0,0,0,0,0,0,0,0,0,0,0,0
Botafogo,263,Saulo Ferreira Silva Nascimento,saulo,Saulo,89492,9,1,6,0,2,0,0,0,0,0,0,0,0,0,0,0,0,0,0,0,0,0,0,0,0,0
Botafogo,263,Federico Barrandeguy Martino,barrandeguy,Barrandeguy,91736,9,2,6,0,3.48,0,1.74,5,0,0,0,0,0,0,0,0,0,0,0,0,0,0,0,0,0,0
Botafogo,263,Márcio Almeida de Oliveira,marcinho,Marcinho,93797,9,2,6,0,6,0,0,0,0,0,0,0,0,0,0,0,0,0,0,0,0,0,0,0,0,0
Botafogo,263,Luiz Otávio Alves Marcolino,luiz-otavio,Luiz Otávio,94269,9,4,6,0,2.11,-0.07,0.46,8,0,0,0,0,0,0,0,0,0,0,0,0,0,0,0,0,0,0
Botafogo,263,Guilherme Oliveira Santos,guilherme-santos,Guilherme Santos,50346,9,2,5,0,7.36,0,3.67,7,0,0,0,0,0,0,0,0,0,0,0,0,0,0,0,0,0,0
Botafogo,263,Pedro Raul Garay da Silva,pedro-raul,Pedro Raul,98225,9,5,6,0,5.82,0,1.93,4,0,0,0,0,0,0,0,0,0,0,0,0,0,0,0,0,0,0
Botafogo,263,Victor Luis Chuab Zamblauskas,victor-luis,Victor Luis,86410,9,2,7,0,10.62,1.12,8.33,3,0,0,0,0,0,0,0,0,0,0,0,0,0,0,0,0,0,0
Botafogo,263,Kevin Peterson dos Santos Silva,kevin,Kevin ,91888,9,2,7,0,3.51,-0.15,2.96,5,0,0,0,0,0,0,0,0,0,0,0,0,0,0,0,0,0,0
Botafogo,263,Marcelo da Conceição Benevenuto Malaquias,marcelo-benevenuto,Marcelo Benevenuto,95638,9,3,7,0,7.06,1.07,2.59,8,0,0,0,0,0,0,0,0,0,0,0,0,0,0,0,0,0,0
Botafogo,263,Lucas Barros da Cunha,lucas-barros,Lucas Barros,104650,9,2,6,0,2,0,0,0,0,0,0,0,0,0,0,0,0,0,0,0,0,0,0,0,0,0
Botafogo,263,Matheus Barcelos da Silva,matheus-babi,Matheus Babi,94444,9,5,7,0,6.45,-0.27,3.32,8,0,0,0,0,0,0,0,0,0,0,0,0,0,0,0,0,0,0
Botafogo,263,Victor Hugo Soares dos Santos,kanu,Kanu,98484,9,3,7,0,4.65,-0.36,3.06,8,0,0,0,0,0,0,0,0,0,0,0,0,0,0,0,0,0,0
Botafogo,263,Alexander Lecaros Aragón,lecaros,Lecaros,102276,9,5,6,0,3,0,0,0,0,0,0,0,0,0,0,0,0,0,0,0,0,0,0,0,0,0
Botafogo,263,Rafael Forster,rafael-forster,Rafael Forster,82764,9,3,7,0,2.62,-0.23,0.77,7,0,0,0,0,0,0,0,0,0,0,0,0,0,0,0,0,0,0
Botafogo,263,Diego Terra Loureiro,diego-loureiro,Diego Loureiro,99430,9,1,6,0,1,0,0,0,0,0,0,0,0,0,0,0,0,0,0,0,0,0,0,0,0,0
Botafogo,263,Matheus Nascimento de Paula,matheus-nascimento,Matheus Nascimento,109114,9,5,6,0,0.77,0,-0.5,1,0,0,0,0,0,0,0,0,0,0,0,0,0,0,0,0,0,0
Botafogo,263,Fernando Peixoto Costanza,fernando,Fernando,99550,9,2,6,0,2.55,0,1,1,0,0,0,0,0,0,0,0,0,0,0,0,0,0,0,0,0,0
Botafogo,263,Caio Alexandre Souza e Silva,caio-alexandre,Caio Alexandre,106323,9,4,7,0,5.54,-0.07,2.46,7,0,0,0,0,0,0,0,0,0,0,0,0,0,0,0,0,0,0
Botafogo,263,Rafael Navarro Leal,rafael-navarro,Rafael Navarro,105770,9,5,6,0,2,0,0,0,0,0,0,0,0,0,0,0,0,0,0,0,0,0,0,0,0,0
Botafogo,263,Rhuan Silveira Castro,rhuan,Rhuan,102958,9,5,7,0,2.35,-0.31,1.34,7,0,0,0,0,0,0,0,0,0,0,0,0,0,0,0,0,0,0
Botafogo,263,Davi Machado dos Santos Araújo,davi-araujo,Davi Araújo,109626,9,5,6,0,0.76,0,0,2,0,0,0,0,0,0,0,0,0,0,0,0,0,0,0,0,0,0
Botafogo,263,David Sousa Albino,david-sousa,David Sousa,107509,9,3,6,0,0.77,0,0,1,0,0,0,0,0,0,0,0,0,0,0,0,0,0,0,0,0,0
Botafogo,263,Sebastião Ênio Santos de Almeida,enio,Ênio,107516,9,4,6,0,1,0,0,0,0,0,0,0,0,0,0,0,0,0,0,0,0,0,0,0,0,0
Botafogo,263,Hugo Gonçalves Ferreira Neto,hugo,Hugo,109668,9,2,6,0,1,0,0,0,0,0,0,0,0,0,0,0,0,0,0,0,0,0,0,0,0,0
Botafogo,263,Carlos Enrique Rentería Olaya,renteria,Rentería,95356,9,4,6,0,5.62,-1.38,0.6,1,0,0,0,0,0,0,0,0,0,0,0,0,0,0,0,0,0,0
Corinthians,264,Luan Guilherme de Jesus Vieira,luan,Luan,86759,9,4,6,0,7.75,0,3.73,4,0,0,0,0,0,0,0,0,0,0,0,0,0,0,0,0,0,0
Corinthians,264,Cássio Roberto Ramos,cassio,Cássio,42234,9,1,7,0,10.38,1.97,2.27,8,0,0,0,0,0,0,0,0,0,0,0,0,0,0,0,0,0,0
Corinthians,264,Carlos Gilberto do Nascimento Silva,gil,Gil,68923,9,3,7,0,4.44,0.21,1.27,7,0,0,0,0,0,0,0,0,0,0,0,0,0,0,0,0,0,0
Corinthians,264,Guilherme de Aguiar Camacho,camacho,Camacho,68770,9,4,6,0,3.04,0,0.02,4,0,0,0,0,0,0,0,0,0,0,0,0,0,0,0,0,0,0
Corinthians,264,Sidcley Ferreira Pereira,sidcley,Sidcley,86764,9,2,6,0,6.73,-0.44,2.68,6,0,0,0,0,0,0,0,0,0,0,0,0,0,0,0,0,0,0
Corinthians,264,Everaldo Silva do Nascimento,everaldo,Everaldo ,91151,9,5,6,0,5,0,0,0,0,0,0,0,0,0,0,0,0,0,0,0,0,0,0,0,0,0
Corinthians,264,Mateus da Silva Vital Assumpção,mateus-vital,Mateus Vital,93108,9,4,2,0,4.45,0.25,0.56,5,0,0,0,0,0,0,0,0,0,0,0,0,0,0,0,0,0,0
Corinthians,264,Leonardo Rodrigues dos Santos,leo-santos,Léo Santos,95820,9,3,6,0,2,0,0,0,0,0,0,0,0,0,0,0,0,0,0,0,0,0,0,0,0,0
Corinthians,264,Bruno Méndez Cittadini,bruno-mendez,Bruno Méndez,103700,9,3,7,0,3.18,0,0.5,1,0,0,0,0,0,0,0,0,0,0,0,0,0,0,0,0,0,0
Corinthians,264,Éderson José dos Santos Lourenço da Silva,ederson,Éderson,103099,9,4,6,0,5.28,0.05,2.07,7,0,0,0,0,0,0,0,0,0,0,0,0,0,0,0,0,0,0
Corinthians,264,Matheus Alvarenga de Oliveira,davo,Davó,105533,9,5,6,0,2,0,0,0,0,0,0,0,0,0,0,0,0,0,0,0,0,0,0,0,0,0
Corinthians,264,Guilherme Vicentini Castellani,guilherme,Guilherme,108539,9,1,6,0,1,0,0,0,0,0,0,0,0,0,0,0,0,0,0,0,0,0,0,0,0,0
Corinthians,264,Lucas Piton Crivellaro,lucas-piton,Lucas Piton,105584,9,2,7,0,3.79,-0.01,1.93,4,0,0,0,0,0,0,0,0,0,0,0,0,0,0,0,0,0,0
Corinthians,264,João Alves de Assis Silva,jo,Jô,38138,9,5,7,0,12.16,-1.79,4.34,8,0,0,0,0,0,0,0,0,0,0,0,0,0,0,0,0,0,0
Corinthians,264,Walter Leandro Capeloza Artune,walter,Walter,51413,9,1,6,0,7,0,0,0,0,0,0,0,0,0,0,0,0,0,0,0,0,0,0,0,0,0
Corinthians,264,Mauro Boselli,boselli,Boselli,69161,9,5,6,0,6.1,0,-0.07,3,0,0,0,0,0,0,0,0,0,0,0,0,0,0,0,0,0,0
Corinthians,264,Leonardo Natel Vieira,leo-natel,Léo Natel,98952,9,5,6,0,4.37,-0.77,2.96,7,0,0,0,0,0,0,0,0,0,0,0,0,0,0,0,0,0,0
Corinthians,264,Gabriel Girotto Franco,gabriel,Gabriel,78605,9,4,7,0,4.88,0.29,2.38,6,0,0,0,0,0,0,0,0,0,0,0,0,0,0,0,0,0,0
Corinthians,264,Danilo Fernando Avelar,danilo-avelar,Danilo Avelar,72142,9,3,3,0,4.41,-1.28,1.82,8,0,0,0,0,0,0,0,0,0,0,0,0,0,0,0,0,0,0
Corinthians,264,Ramiro Moschen Benetti,ramiro,Ramiro,78715,9,4,7,0,6.22,-0.27,2.63,7,0,0,0,0,0,0,0,0,0,0,0,0,0,0,0,0,0,0
Corinthians,264,Ángelo Giovanni Araos Llanos,araos,Araos,102352,9,4,2,0,7.51,0,3.6,7,0,0,0,0,0,0,0,0,0,0,0,0,0,0,0,0,0,0
Corinthians,264,Michel Macedo Rocha Machado,michel,Michel,80664,9,2,7,0,5.07,-0.75,3.6,3,0,0,0,0,0,0,0,0,0,0,0,0,0,0,0,0,0,0
Corinthians,264,Víctor Danilo Cantillo Jiménez,cantillo,Cantillo,85315,9,4,7,0,5.71,0.21,1.69,8,0,0,0,0,0,0,0,0,0,0,0,0,0,0,0,0,0,0
Corinthians,264,Fagner Conserva Lemos,fagner,Fagner,42500,9,2,3,0,10.19,-2.58,2.13,6,0,0,0,0,0,0,0,0,0,0,0,0,0,0,0,0,0,0
Corinthians,264,Rómulo Otero Vásquez,otero,Otero,83004,9,4,7,0,12.38,0.83,4.52,4,0,0,0,0,0,0,0,0,0,0,0,0,0,0,0,0,0,0
Corinthians,264,João Vitor Xavier de Almeida,xavier,Xavier,102067,9,4,6,0,1,0,0,0,0,0,0,0,0,0,0,0,0,0,0,0,0,0,0,0,0,0
Corinthians,264,Roni Medeiros de Moura,roni,Roni,105585,9,4,6,0,2,0,0,0,0,0,0,0,0,0,0,0,0,0,0,0,0,0,0,0,0,0
Corinthians,264,Ruan de Oliveira Ferreira,ruan,Ruan,104153,9,4,5,0,1.22,0,0.77,4,0,0,0,0,0,0,0,0,0,0,0,0,0,0,0,0,0,0
Corinthians,264,Gustavo Henric da Silva,gustavo-mosquito,Gustavo Mosquito,97450,9,5,6,0,2.97,-0.06,2.6,6,0,0,0,0,0,0,0,0,0,0,0,0,0,0,0,0,0,0
Corinthians,264,Raul Gustavo Pereira Bicalho,raul-gustavo,Raul Gustavo,109389,9,3,6,0,1,0,0,0,0,0,0,0,0,0,0,0,0,0,0,0,0,0,0,0,0,0
Corinthians,264,Matheus Planelles Donelli,matheus-donelli,Matheus Donelli,107179,9,1,6,0,1,0,0,0,0,0,0,0,0,0,0,0,0,0,0,0,0,0,0,0,0,0
Corinthians,264,Gabriel Pereira dos Santos,gabriel-pereira,Gabriel Pereira,109588,9,4,6,0,0.83,0,0.2,1,0,0,0,0,0,0,0,0,0,0,0,0,0,0,0,0,0,0
Corinthians,264,Dyego Rocha Coelho,dyego-coelho,Dyego Coelho,98499,9,6,7,0,9.49,0,0,0,0,0,0,0,0,0,0,0,0,0,0,0,0,0,0,0,0,0
Corinthians,264,Ronald Eugenio de Carvalho,ronald,Ronald,109860,9,3,6,0,1,0,0,0,0,0,0,0,0,0,0,0,0,0,0,0,0,0,0,0,0,0
Bahia,265,Gilberto Oliveira Souza Júnior,gilberto,Gilberto,61188,9,5,7,0,8.31,0.36,3.05,7,0,0,0,0,0,0,0,0,0,0,0,0,0,0,0,0,0,0
Bahia,265,Lucas Fonseca da Silva,lucas-fonseca,Lucas Fonseca,80189,9,3,6,0,4.22,0,-0.45,2,0,0,0,0,0,0,0,0,0,0,0,0,0,0,0,0,0,0
Bahia,265,Rodrigo Eduardo Costa Marinho,rodriguinho,Rodriguinho,61033,9,4,7,0,16.05,-0.11,5.46,8,0,0,0,0,0,0,0,0,0,0,0,0,0,0,0,0,0,0
Bahia,265,José Carlos Ferreira Júnior,juninho,Juninho,92182,9,3,7,0,8.8,0.25,3.06,8,0,0,0,0,0,0,0,0,0,0,0,0,0,0,0,0,0,0
Bahia,265,Gregore de Magalhães da Silva,gregore,Gregore,95464,9,4,3,0,5.69,-0.28,0.13,6,0,0,0,0,0,0,0,0,0,0,0,0,0,0,0,0,0,0
Bahia,265,Alesson dos Santos Batista,alesson,Alesson,97321,9,4,6,0,1.41,0,0.9,4,0,0,0,0,0,0,0,0,0,0,0,0,0,0,0,0,0,0
Bahia,265,Jefferson Gabriel Nascimento Brito,fessin,Fessin,97994,9,4,6,0,1.42,0,-0.5,1,0,0,0,0,0,0,0,0,0,0,0,0,0,0,0,0,0,0
Bahia,265,Ignácio da Silva Oliveira,ignacio,Ignácio,103523,9,3,6,0,2,0,0,0,0,0,0,0,0,0,0,0,0,0,0,0,0,0,0,0,0,0
Bahia,265,Anderson Pedro Nunes da Silva Campos,anderson,Anderson,38001,9,1,6,0,0.76,0,-1.23,4,0,0,0,0,0,0,0,0,0,0,0,0,0,0,0,0,0,0
Bahia,265,Ernando Rodrigues Lopes,ernando,Ernando,49651,9,3,7,0,6.19,0.28,2.88,6,0,0,0,0,0,0,0,0,0,0,0,0,0,0,0,0,0,0
Bahia,265,Matheus Bonifácio Saldanha Marinho,saldanha,Saldanha,107088,9,5,6,0,1.35,0,0.38,6,0,0,0,0,0,0,0,0,0,0,0,0,0,0,0,0,0,0
Bahia,265,Severino do Ramo Clementino da Silva,nino-paraiba,Nino Paraíba,68808,9,2,7,0,7.85,-1.16,2.97,7,0,0,0,0,0,0,0,0,0,0,0,0,0,0,0,0,0,0
Bahia,265,Elton Júnior Melo Ataíde,elton,Elton,71719,9,4,6,0,3.66,-0.46,1.3,3,0,0,0,0,0,0,0,0,0,0,0,0,0,0,0,0,0,0
Bahia,265,José Élber Pimentel da Silva,elber,Élber,74140,9,5,7,0,9.67,0.25,4.82,8,0,0,0,0,0,0,0,0,0,0,0,0,0,0,0,0,0,0
Bahia,265,Douglas Alan Schuck Friedrich,douglas-friedrich,Douglas Friedrich,78584,9,1,6,0,9.99,0,4.6,3,0,0,0,0,0,0,0,0,0,0,0,0,0,0,0,0,0,0
Bahia,265,Luis Antônio da Rocha Júnior,juninho-capixaba,Juninho Capixaba,94968,9,2,7,0,7.38,0,3.52,5,0,0,0,0,0,0,0,0,0,0,0,0,0,0,0,0,0,0
Bahia,265,Daniel Sampaio Simões,daniel,Daniel,93791,9,4,7,0,3.95,-0.04,2.01,7,0,0,0,0,0,0,0,0,0,0,0,0,0,0,0,0,0,0
Bahia,265,Marco Antônio Rosa Furtado Júnior,marco-antonio,Marco Antônio,94975,9,4,6,0,3.35,-0.63,3.63,4,0,0,0,0,0,0,0,0,0,0,0,0,0,0,0,0,0,0
Bahia,265,Jadson Alves dos Santos,jadson,Jadson,80129,9,4,6,0,2.86,-0.16,0.87,3,0,0,0,0,0,0,0,0,0,0,0,0,0,0,0,0,0,0
Bahia,265,Clayson Henrique da Silva Vieira,clayson,Clayson,83817,9,5,6,0,4.5,-1.36,1.88,5,0,0,0,0,0,0,0,0,0,0,0,0,0,0,0,0,0,0
Bahia,265,Rosicley Pereira da Silva,rossi,Rossi,81798,9,5,2,0,5.45,-0.52,1.91,8,0,0,0,0,0,0,0,0,0,0,0,0,0,0,0,0,0,0
Bahia,265,Wanderson Santos Pereira,wanderson,Wanderson,86143,9,3,6,0,4,0,0,0,0,0,0,0,0,0,0,0,0,0,0,0,0,0,0,0,0,0
Bahia,265,João Pedro Maturano dos Santos,joao-pedro,João Pedro ,89273,9,2,6,0,4.26,0,-0.8,1,0,0,0,0,0,0,0,0,0,0,0,0,0,0,0,0,0,0
Bahia,265,José Carlos Cracco Neto,zeca,Zeca,87192,9,2,6,0,4.83,0,1.1,5,0,0,0,0,0,0,0,0,0,0,0,0,0,0,0,0,0,0
Bahia,265,Ronaldo da Silva Souza,ronaldo,Ronaldo,92981,9,4,7,0,3.88,0,1.5,6,0,0,0,0,0,0,0,0,0,0,0,0,0,0,0,0,0,0
Bahia,265,Mateus Eduardo Claus,mateus-claus,Mateus Claus,90590,9,1,7,0,3.77,2.12,7.9,2,0,0,0,0,0,0,0,0,0,0,0,0,0,0,0,0,0,0
Bahia,265,Matheus Henrique Teixeira,matheus-teixeira,Matheus Teixeira,102907,9,1,6,0,1,0,0,0,0,0,0,0,0,0,0,0,0,0,0,0,0,0,0,0,0,0
Bahia,265,Jaques Bonfim Nazaré Neto,jaques,Jaques,104128,9,3,6,0,1,0,0,0,0,0,0,0,0,0,0,0,0,0,0,0,0,0,0,0,0,0
Bahia,265,Matheus Bahia Santos,matheus-bahia,Matheus Bahia,97899,9,2,6,0,0.77,-0.23,-0.8,1,0,0,0,0,0,0,0,0,0,0,0,0,0,0,0,0,0,0
Bahia,265,Ramon Rodrigo de Carvalho,ramon,Ramon,103515,9,4,6,0,1,0,0,0,0,0,0,0,0,0,0,0,0,0,0,0,0,0,0,0,0,0
Bahia,265,Caíque de Jesus da Silva,caique,Caíque,104591,9,5,6,0,1,0,0,0,0,0,0,0,0,0,0,0,0,0,0,0,0,0,0,0,0,0
Bahia,265,Thiago Eduardo de Andrade,thiago-andrade,Thiago Andrade,109404,9,5,6,0,1,0,0,0,0,0,0,0,0,0,0,0,0,0,0,0,0,0,0,0,0,0
Bahia,265,Douglas do Espírito Santo Torres,douglas-borel,Douglas Borel,104634,9,2,6,0,1,0,0,0,0,0,0,0,0,0,0,0,0,0,0,0,0,0,0,0,0,0
Bahia,265,Jeferson Douglas dos Santos Souza,jeferson-douglas,Jeferson Douglas,109405,9,4,6,0,1,0,0,0,0,0,0,0,0,0,0,0,0,0,0,0,0,0,0,0,0,0
Bahia,265,Everson Bispo Pereira,everson,Everson,91929,9,3,6,0,1,0,0,0,0,0,0,0,0,0,0,0,0,0,0,0,0,0,0,0,0,0
Bahia,265,João Pedro Sacramento da Silva,joao-pedro-silva,João Pedro Silva,109464,9,5,6,0,1,0,0,0,0,0,0,0,0,0,0,0,0,0,0,0,0,0,0,0,0,0
Bahia,265,Fabrício Oliveira de Souza,fabricio,Fabrício,104588,9,1,6,0,1,0,0,0,0,0,0,0,0,0,0,0,0,0,0,0,0,0,0,0,0,0
Bahia,265,Edilson Matos dos Santos Júnior,edilson,Edilson,109406,9,5,6,0,1,0,0,0,0,0,0,0,0,0,0,0,0,0,0,0,0,0,0,0,0,0
Bahia,265,Luis Antônio Venker de Menezes,mano-menezes,Mano Menezes,37281,9,6,7,0,8.06,0,0,0,0,0,0,0,0,0,0,0,0,0,0,0,0,0,0,0,0,0
Bahia,265,Edson Fernando da Silva Gomes,edson,Edson,105901,9,4,2,0,1.62,0.15,2.1,3,0,0,0,0,0,0,0,0,0,0,0,0,0,0,0,0,0,0
Bahia,265,Eric dos Santos Rodrigues,ramires,Ramires,103295,9,4,6,0,7,0,0,0,0,0,0,0,0,0,0,0,0,0,0,0,0,0,0,0,0,0
Fluminense,266,Danilo Carvalho Barcelos,danilo-barcelos,Danilo Barcelos,84382,9,2,2,0,3.23,0,-1.43,3,0,0,0,0,0,0,0,0,0,0,0,0,0,0,0,0,0,0
Fluminense,266,Anderson Luiz de Carvalho,nene,Nenê,38913,9,4,7,0,11.65,-0.94,5.11,8,0,0,0,0,0,0,0,0,0,0,0,0,0,0,0,0,0,0
Fluminense,266,Paulo Henrique Chagas de Lima,ganso,Ganso,62977,9,4,6,0,3.81,0,1.03,6,0,0,0,0,0,0,0,0,0,0,0,0,0,0,0,0,0,0
Fluminense,266,Frederico Chaves Guedes,fred,Fred,38162,9,5,6,0,2.99,0.13,1.06,5,0,0,0,0,0,0,0,0,0,0,0,0,0,0,0,0,0,0
Fluminense,266,Matheus Ferraz Pereira,matheus-ferraz,Matheus Ferraz,38632,9,3,6,0,6,0,0,0,0,0,0,0,0,0,0,0,0,0,0,0,0,0,0,0,0,0
Fluminense,266,Egídio de Araújo Pereira Júnior,egidio,Egídio,42145,9,2,2,0,11,0.57,5,9,0,0,0,0,0,0,0,0,0,0,0,0,0,0,0,0,0,0
Fluminense,266,Rodrigo Júnior Paula Silva,digao,Digão,68886,9,3,7,0,6.24,1.21,5.43,3,0,0,0,0,0,0,0,0,0,0,0,0,0,0,0,0,0,0
Fluminense,266,Hudson Rodrigues dos Santos,hudson,Hudson,50324,9,4,6,0,4.67,0,-0.4,2,0,0,0,0,0,0,0,0,0,0,0,0,0,0,0,0,0,0
Fluminense,266,Wellington Alves da Silva,wellington-silva,Wellington Silva,68895,9,5,7,0,3.36,-1.69,1.8,7,0,0,0,0,0,0,0,0,0,0,0,0,0,0,0,0,0,0
Fluminense,266,Muriel Gustavo Becker,muriel,Muriel,69041,9,1,7,0,4.5,-0.55,1.53,6,0,0,0,0,0,0,0,0,0,0,0,0,0,0,0,0,0,0
Fluminense,266,Igor de Carvalho Julião,igor-juliao,Igor Julião,81951,9,2,6,0,2.99,0,1.62,5,0,0,0,0,0,0,0,0,0,0,0,0,0,0,0,0,0,0
Fluminense,266,Luccas Claro dos Santos,luccas-claro,Luccas Claro,73465,9,3,7,0,6.21,0.7,2.18,8,0,0,0,0,0,0,0,0,0,0,0,0,0,0,0,0,0,0
Fluminense,266,Marcos Felipe de Freitas Monteiro,marcos-felipe,Marcos Felipe ,85004,9,1,6,0,0.77,0,-1.3,3,0,0,0,0,0,0,0,0,0,0,0,0,0,0,0,0,0,0
Fluminense,266,Pablo Dyego da Silva Rosa,pablo-dyego,Pablo Dyego,86444,9,5,5,0,2,0,0,0,0,0,0,0,0,0,0,0,0,0,0,0,0,0,0,0,0,0
Fluminense,266,Yago Felipe da Costa Rocha,yago-felipe,Yago Felipe,87747,9,4,6,0,3.71,0.59,1.28,6,0,0,0,0,0,0,0,0,0,0,0,0,0,0,0,0,0,0
Fluminense,266,Douglas Moreira Fagundes,dodi,Dodi,89883,9,4,7,0,11.16,0.04,4.79,9,0,0,0,0,0,0,0,0,0,0,0,0,0,0,0,0,0,0
Fluminense,266,Miguel Silveira dos Santos,miguel,Miguel,105612,9,4,6,0,2.39,0,0.3,1,0,0,0,0,0,0,0,0,0,0,0,0,0,0,0,0,0,0
Fluminense,266,Yuri Oliveira Lima,yuri-lima,Yuri Lima,90569,9,4,7,0,1.8,-0.13,0.94,7,0,0,0,0,0,0,0,0,0,0,0,0,0,0,0,0,0,0
Fluminense,266,Marcílio Florêncio Mota Filho,nino,Nino,91708,9,3,6,0,3.63,0,0.1,7,0,0,0,0,0,0,0,0,0,0,0,0,0,0,0,0,0,0
Fluminense,266,Odair Hellmann,odair-hellmann,Odair Hellmann,92273,9,6,7,0,8.83,0.29,3.21,9,0,0,0,0,0,0,0,0,0,0,0,0,0,0,0,0,0,0
Fluminense,266,Michel Daryl Araújo Villar,michel-araujo,Michel Araújo ,107173,9,4,7,0,6.51,-0.16,3.36,9,0,0,0,0,0,0,0,0,0,0,0,0,0,0,0,0,0,0
Fluminense,266,Matheus Antonio Souza dos Santos,matheus-pato,Matheus Pato,92290,9,5,6,0,2,0,0,0,0,0,0,0,0,0,0,0,0,0,0,0,0,0,0,0,0,0
Fluminense,266,Marcelo de Araújo Pitaluga Filho,marcelo-pitaluga,Marcelo Pitaluga ,101478,9,1,6,0,2,0,0,0,0,0,0,0,0,0,0,0,0,0,0,0,0,0,0,0,0,0
Fluminense,266,Caio Fernando de Oliveira,caio-paulista,Caio Paulista,102318,9,5,6,0,3.31,-0.26,1.43,3,0,0,0,0,0,0,0,0,0,0,0,0,0,0,0,0,0,0
Fluminense,266,Marcos Paulo Costa do Nascimento,marcos-paulo,Marcos Paulo,103645,9,5,2,0,5.44,-0.18,1.23,9,0,0,0,0,0,0,0,0,0,0,0,0,0,0,0,0,0,0
Fluminense,266,Edilson Borba de Aquino,orinho,Orinho,95542,9,2,6,0,4,0,0,0,0,0,0,0,0,0,0,0,0,0,0,0,0,0,0,0,0,0
Fluminense,266,Wesley Frazan Bernardo,frazan,Frazan,97528,9,3,5,0,3,0,0,0,0,0,0,0,0,0,0,0,0,0,0,0,0,0,0,0,0,0
Fluminense,266,Lucas Felipe Calegari,calegari,Calegari,104276,9,2,7,0,5.3,1.24,5.3,5,0,0,0,0,0,0,0,0,0,0,0,0,0,0,0,0,0,0
Fluminense,266,Fernando José Pacheco Rivas,fernando-pacheco,Fernando Pacheco,98740,9,5,2,0,2.66,0.06,0.12,5,0,0,0,0,0,0,0,0,0,0,0,0,0,0,0,0,0,0
Fluminense,266,Wanderson Felippe Cardoso dos Santos,felippe-cardoso,Felippe Cardoso,100963,9,5,6,0,2.12,0,-0.8,1,0,0,0,0,0,0,0,0,0,0,0,0,0,0,0,0,0,0
Fluminense,266,Luiz Henrique André Rosa da Silva,luiz-henrique,Luiz Henrique,109282,9,5,6,0,1.5,-0.48,1.01,7,0,0,0,0,0,0,0,0,0,0,0,0,0,0,0,0,0,0
Fluminense,266,Matheus Martinelli Lima,martinelli,Martinelli,109573,9,4,6,0,1,0,0,0,0,0,0,0,0,0,0,0,0,0,0,0,0,0,0,0,0,0
Fluminense,266,André Trindade da Costa Neto,andre,André,107498,9,4,6,0,1,0,0,0,0,0,0,0,0,0,0,0,0,0,0,0,0,0,0,0,0,0
Fluminense,266,Daniel Lima de Castro,daniel,Daniel,107370,9,2,6,0,1,0,0,0,0,0,0,0,0,0,0,0,0,0,0,0,0,0,0,0,0,0
Fluminense,266,Guilherme Henrique da Silva,guilherme,Guilherme,109689,9,2,6,0,1,0,0,0,0,0,0,0,0,0,0,0,0,0,0,0,0,0,0,0,0,0
Fluminense,266,João Vitor Lopes da Silva,joao-lopes,João Lopes,105629,9,1,6,0,2,0,0,0,0,0,0,0,0,0,0,0,0,0,0,0,0,0,0,0,0,0
Vasco,267,Vinícius dos Santos de Oliveira Paiva,vinicius,Vinícius,105998,9,5,2,0,2.54,-0.88,-0.2,2,0,0,0,0,0,0,0,0,0,0,0,0,0,0,0,0,0,0
Vasco,267,Gabriel Fortes Chaves,gabriel-pec,Gabriel Pec,106199,9,4,6,0,2.88,0,1.43,3,0,0,0,0,0,0,0,0,0,0,0,0,0,0,0,0,0,0
Vasco,267,Andrey Ramos do Nascimento,andrey,Andrey,93787,9,4,2,0,6.48,0.04,3.73,7,0,0,0,0,0,0,0,0,0,0,0,0,0,0,0,0,0,0
Vasco,267,Marcos Antônio Cândido Ferreira Júnior,marcos-junior,Marcos Júnior,93893,9,4,2,0,2.66,0.01,0.85,2,0,0,0,0,0,0,0,0,0,0,0,0,0,0,0,0,0,0
Vasco,267,Ramon Menezes Hubner,ramon-menezes,Ramon Menezes,96767,9,6,7,0,9.7,-0.7,4.59,8,0,0,0,0,0,0,0,0,0,0,0,0,0,0,0,0,0,0
Vasco,267,Ricardo Queiroz de Alencastro Graça,ricardo,Ricardo,99881,9,3,2,0,8.59,0,5.38,5,0,0,0,0,0,0,0,0,0,0,0,0,0,0,0,0,0,0
Vasco,267,Talles Magno Bacelar Martins,talles-magno,Talles Magno,105786,9,5,7,0,10.13,-1.11,5.4,7,0,0,0,0,0,0,0,0,0,0,0,0,0,0,0,0,0,0
Vasco,267,Germán Ezequiel Cano,cano,Cano,79631,9,5,7,0,13.85,0.19,6.73,8,0,0,0,0,0,0,0,0,0,0,0,0,0,0,0,0,0,0
Vasco,267,Fernando Miguel Kaufmann,fernando-miguel,Fernando Miguel,71571,9,1,7,0,9.17,-0.6,3.6,8,0,0,0,0,0,0,0,0,0,0,0,0,0,0,0,0,0,0
Vasco,267,Henrique Silva Milagres,henrique,Henrique,84893,9,2,7,0,6.48,-0.2,2.42,7,0,0,0,0,0,0,0,0,0,0,0,0,0,0,0,0,0,0
Vasco,267,Glaybson Yago Souza Lisboa,yago-pikachu,Yago Pikachu,80196,9,2,7,0,7.78,-0.93,3.14,5,0,0,0,0,0,0,0,0,0,0,0,0,0,0,0,0,0,0
Vasco,267,Martín Nicolás Benítez,benitez,Benítez,93550,9,4,7,0,10.42,0,4.77,7,0,0,0,0,0,0,0,0,0,0,0,0,0,0,0,0,0,0
Vasco,267,Tiago Rodrigues dos Reis,tiago-reis,Tiago Reis,104678,9,5,6,0,3,0,0,0,0,0,0,0,0,0,0,0,0,0,0,0,0,0,0,0,0,0
Vasco,267,Fellipe Ramos Ignez Bastos,fellipe-bastos,Fellipe Bastos,70116,9,4,7,0,10.56,-0.45,5.09,8,0,0,0,0,0,0,0,0,0,0,0,0,0,0,0,0,0,0
Vasco,267,Werley Ananias da Silva,werley,Werley,62974,9,3,6,0,4,0,0,0,0,0,0,0,0,0,0,0,0,0,0,0,0,0,0,0,0,0
Vasco,267,Lucas Ribamar Lopes dos Santos Bibiano,ribamar,Ribamar,94068,9,5,6,0,4.08,0.26,0.78,6,0,0,0,0,0,0,0,0,0,0,0,0,0,0,0,0,0,0
Vasco,267,Fredy Alejandro Guarín Vásquez,guarin,Guarín,71233,9,4,6,0,11,0,0,0,0,0,0,0,0,0,0,0,0,0,0,0,0,0,0,0,0,0
Vasco,267,Claudio Winck Neto,claudio-winck,Claudio Winck,74074,9,2,5,0,3.71,0,3.45,2,0,0,0,0,0,0,0,0,0,0,0,0,0,0,0,0,0,0
Vasco,267,Lucas Santos da Silva,lucas-santos,Lucas Santos,101718,9,4,6,0,2.13,0,-0.2,1,0,0,0,0,0,0,0,0,0,0,0,0,0,0,0,0,0,0
Vasco,267,Bruno César Zanaki,bruno-cesar,Bruno César,52558,9,4,2,0,4.33,0.61,1.12,5,0,0,0,0,0,0,0,0,0,0,0,0,0,0,0,0,0,0
Vasco,267,Kaio Magno Bacelar Martins,kaio-magno,Kaio Magno,106200,9,5,6,0,2,0,0,0,0,0,0,0,0,0,0,0,0,0,0,0,0,0,0,0,0,0
Vasco,267,Alexandre Melo Ribeiro da Silva,alexandre-melo,Alexandre Melo,106159,9,2,6,0,2,0,0,0,0,0,0,0,0,0,0,0,0,0,0,0,0,0,0,0,0,0
Vasco,267,Bruno Gomes da Silva Clevelário,bruno-gomes,Bruno Gomes,106202,9,4,3,0,2.67,-0.69,0.78,6,0,0,0,0,0,0,0,0,0,0,0,0,0,0,0,0,0,0
Vasco,267,Alexandre de Almeida da Silva Júnior,juninho,Juninho,107677,9,4,5,0,2.5,0,1.1,2,0,0,0,0,0,0,0,0,0,0,0,0,0,0,0,0,0,0
Vasco,267,Ramon de Morais Motta ,ramon,Ramon,68896,9,2,5,0,7,0,0,0,0,0,0,0,0,0,0,0,0,0,0,0,0,0,0,0,0,0
Vasco,267,Leandro Castan da Silva,leandro-castan,Leandro Castan,38505,9,3,6,0,14.87,0,5.38,5,0,0,0,0,0,0,0,0,0,0,0,0,0,0,0,0,0,0
Vasco,267,Matheus dos Santos Miranda,miranda,Miranda,101720,9,3,7,0,3.56,-0.6,2.5,5,0,0,0,0,0,0,0,0,0,0,0,0,0,0,0,0,0,0
Vasco,267,Ulisses Wilson Jeronymo Rocha ,ulisses,Ulisses,101647,9,3,6,0,2,0,0,0,0,0,0,0,0,0,0,0,0,0,0,0,0,0,0,0,0,0
Vasco,267,Alexander Silva de Lucena,alexander,Alexander,105553,9,1,6,0,3,0,0,0,0,0,0,0,0,0,0,0,0,0,0,0,0,0,0,0,0,0
Vasco,267,Breno Vinícius Rodrigues Borges,breno,Breno,50408,9,3,5,0,6,0,0,0,0,0,0,0,0,0,0,0,0,0,0,0,0,0,0,0,0,0
Vasco,267,Andrey Nascimento dos Santos,andrey-dos-santos,Andrey dos Santos,109591,9,4,6,0,1,0,0,0,0,0,0,0,0,0,0,0,0,0,0,0,0,0,0,0,0,0
Vasco,267,Ygor de Oliveira Ferreira,ygor-catatau,Ygor Catatau,100977,9,5,2,0,1.95,-0.12,1.7,3,0,0,0,0,0,0,0,0,0,0,0,0,0,0,0,0,0,0
Vasco,267,Marcelo Alves Santos,marcelo-alves,Marcelo Alves,104050,9,3,2,0,2.12,-0.69,1.97,3,0,0,0,0,0,0,0,0,0,0,0,0,0,0,0,0,0,0
Vasco,267,Vivaldo Borges dos Santos Neto,neto-borges,Neto Borges,106411,9,2,6,0,5.32,0,4.25,4,0,0,0,0,0,0,0,0,0,0,0,0,0,0,0,0,0,0
Vasco,267,Carlos Vinícius Santos de Jesus,carlinhos,Carlinhos,87273,9,4,2,0,4.16,-0.16,2.36,5,0,0,0,0,0,0,0,0,0,0,0,0,0,0,0,0,0,0
Vasco,267,Guilherme Parede Pinheiro,guilherme-parede,Guilherme Parede,83438,9,5,6,0,1.83,0,-0.54,5,0,0,0,0,0,0,0,0,0,0,0,0,0,0,0,0,0,0
Vasco,267,Riquelme Carvalho Araújo Viana,riquelme,Riquelme,105566,9,2,6,0,1,0,0,0,0,0,0,0,0,0,0,0,0,0,0,0,0,0,0,0,0,0
Vasco,267,Cayo Henrique Nascimento Ferreira,cayo-tenorio,Cayo Tenório,107367,9,2,6,0,4.88,0,4.33,4,0,0,0,0,0,0,0,0,0,0,0,0,0,0,0,0,0,0
Vasco,267,Lucas Alexandre Galdino de Azevedo,lucao,Lucão,106160,9,1,6,0,2,0,0,0,0,0,0,0,0,0,0,0,0,0,0,0,0,0,0,0,0,0
Vasco,267,Nathan Santos de Araújo,nathan,Nathan,107676,9,2,6,0,1,0,0,0,0,0,0,0,0,0,0,0,0,0,0,0,0,0,0,0,0,0
Palmeiras,275,Bruno Henrique Corsini,bruno-henrique,Bruno Henrique,70944,9,4,6,0,6.65,-0.6,0.3,8,0,0,0,0,0,0,0,0,0,0,0,0,0,0,0,0,0,0
Palmeiras,275,Felipe Melo de Carvalho,felipe-melo,Felipe Melo,38545,9,3,6,0,8,0,0,0,0,0,0,0,0,0,0,0,0,0,0,0,0,0,0,0,0,0
Palmeiras,275,Luiz Adriano de Souza da Silva,luiz-adriano,Luiz Adriano,72772,9,5,6,0,12.48,1.08,4.81,8,0,0,0,0,0,0,0,0,0,0,0,0,0,0,0,0,0,0
Palmeiras,275,Willian Gomes de Siqueira,willian,Willian,42116,9,5,7,0,10.02,0.19,2.33,8,0,0,0,0,0,0,0,0,0,0,0,0,0,0,0,0,0,0
Palmeiras,275,Iván Darío Angulo Cortés,ivan-angulo,Iván Angulo,105841,9,5,6,0,4,0,0,0,0,0,0,0,0,0,0,0,0,0,0,0,0,0,0,0,0,0
Palmeiras,275,Ramires Santos do Nascimento,ramires,Ramires,50293,9,4,6,0,5.11,-0.31,0.87,7,0,0,0,0,0,0,0,0,0,0,0,0,0,0,0,0,0,0
Palmeiras,275,Marcos Luis Rocha Aquino,marcos-rocha,Marcos Rocha,63013,9,2,6,0,8.07,0,2.35,4,0,0,0,0,0,0,0,0,0,0,0,0,0,0,0,0,0,0
Palmeiras,275,Gustavo Henrique Furtado Scarpa,gustavo-scarpa,Gustavo Scarpa,87999,9,4,6,0,6.76,0,1.2,4,0,0,0,0,0,0,0,0,0,0,0,0,0,0,0,0,0,0
Palmeiras,275,Vanderlei Luxemburgo da Silva,vanderlei-luxemburgo,Vanderlei Luxemburgo,41327,9,6,7,0,11.26,0.53,3.59,8,0,0,0,0,0,0,0,0,0,0,0,0,0,0,0,0,0,0
Palmeiras,275,Jailson Marcelino dos Santos,jailson,Jailson,72290,9,1,6,0,3.06,0,-3.1,1,0,0,0,0,0,0,0,0,0,0,0,0,0,0,0,0,0,0
Palmeiras,275,Vitor Hugo Franchescoli de Souza,vitor-hugo,Vitor Hugo,72605,9,3,6,0,4.42,0,0.3,2,0,0,0,0,0,0,0,0,0,0,0,0,0,0,0,0,0,0
Palmeiras,275,Mayke Rocha de Oliveira,mayke,Mayke,81150,9,2,7,0,6.87,1.4,2.56,5,0,0,0,0,0,0,0,0,0,0,0,0,0,0,0,0,0,0
Palmeiras,275,José Rafael Vivian,ze-rafael,Zé Rafael,82455,9,4,7,0,10.18,-0.75,3.98,7,0,0,0,0,0,0,0,0,0,0,0,0,0,0,0,0,0,0
Palmeiras,275,Lucas Rafael Araújo Lima,lucas-lima,Lucas Lima,80583,9,4,7,0,5.43,0.71,1.07,8,0,0,0,0,0,0,0,0,0,0,0,0,0,0,0,0,0,0
Palmeiras,275,Vinicius Silvestre da Costa,vinicius-silvestre,Vinicius Silvestre,85083,9,1,6,0,3,0,0,0,0,0,0,0,0,0,0,0,0,0,0,0,0,0,0,0,0,0
Palmeiras,275,Luan Garcia Teixeira,luan,Luan,80692,9,3,7,0,5.69,1.21,2.03,7,0,0,0,0,0,0,0,0,0,0,0,0,0,0,0,0,0,0
Palmeiras,275,Emerson Raymundo Santos,emerson-santos,Emerson Santos,86972,9,3,6,0,4,0,0,0,0,0,0,0,0,0,0,0,0,0,0,0,0,0,0,0,0,0
Palmeiras,275,Matías Nicolás Viña Susperreguy,vina,Viña,98974,9,2,7,0,8.44,0.98,4.88,5,0,0,0,0,0,0,0,0,0,0,0,0,0,0,0,0,0,0
Palmeiras,275,Patrick de Paula Carreiro,patrick-de-paula,Patrick de Paula,107172,9,4,7,0,5.55,0.29,3.84,8,0,0,0,0,0,0,0,0,0,0,0,0,0,0,0,0,0,0
Palmeiras,275,Ronielson da Silva Barbosa,rony,Rony,91607,9,5,6,0,9.52,-0.56,1.02,7,0,0,0,0,0,0,0,0,0,0,0,0,0,0,0,0,0,0
Palmeiras,275,Raphael Cavalcante Veiga,raphael-veiga,Raphael Veiga,94509,9,4,6,0,7.48,0,3.67,3,0,0,0,0,0,0,0,0,0,0,0,0,0,0,0,0,0,0
Palmeiras,275,Wesley Ribeiro Silva,wesley,Wesley,105811,9,5,7,0,2.4,0.02,0.6,5,0,0,0,0,0,0,0,0,0,0,0,0,0,0,0,0,0,0
Palmeiras,275,Gabriel Vinícius Menino,gabriel-menino,Gabriel Menino,103767,9,4,7,0,6.47,-0.12,3.71,8,0,0,0,0,0,0,0,0,0,0,0,0,0,0,0,0,0,0
Palmeiras,275,Gabriel Veron Fonseca de Souza,gabriel-veron,Gabriel Veron,103764,9,5,6,0,6.78,0.05,10.5,2,0,0,0,0,0,0,0,0,0,0,0,0,0,0,0,0,0,0
Palmeiras,275,Luan Silva dos Santos,luan-silva,Luan Silva,102295,9,5,5,0,2,0,0,0,0,0,0,0,0,0,0,0,0,0,0,0,0,0,0,0,0,0
Palmeiras,275,Weverton Pereira da Silva,weverton,Weverton,71631,9,1,7,0,8.79,0.69,0.47,7,0,0,0,0,0,0,0,0,0,0,0,0,0,0,0,0,0,0
Palmeiras,275,Gustavo Raúl Gómez Portillo,gustavo-gomez,Gustavo Gómez,71684,9,3,7,0,13.23,0.94,4.03,7,0,0,0,0,0,0,0,0,0,0,0,0,0,0,0,0,0,0
Palmeiras,275,Lucas Esteves de Souza,esteves,Esteves,100846,9,2,5,0,2,0,0,0,0,0,0,0,0,0,0,0,0,0,0,0,0,0,0,0,0,0
Palmeiras,275,Gabriel Silva Vieira,gabriel-silva,Gabriel Silva,103766,9,4,6,0,0.75,0,-3,1,0,0,0,0,0,0,0,0,0,0,0,0,0,0,0,0,0,0
Palmeiras,275,Danilo dos Santos de Oliveira,danilo,Danilo,107231,9,4,6,0,0.77,0,-2.1,1,0,0,0,0,0,0,0,0,0,0,0,0,0,0,0,0,0,0
São Paulo,276,Fernando Diniz Silva,fernando-diniz,Fernando Diniz,72391,9,6,7,0,8.81,-0.34,3.58,8,0,0,0,0,0,0,0,0,0,0,0,0,0,0,0,0,0,0
São Paulo,276,Bruno Fabiano Alves,bruno-alves,Bruno Alves,73620,9,3,6,0,7.83,0,1.3,5,0,0,0,0,0,0,0,0,0,0,0,0,0,0,0,0,0,0
São Paulo,276,Tiago Luis Volpi,tiago-volpi,Tiago Volpi,72018,9,1,7,0,12.3,-0.77,2.71,8,0,0,0,0,0,0,0,0,0,0,0,0,0,0,0,0,0,0
São Paulo,276,Robert Abel Arboleda Escobar,arboleda,Arboleda,91573,9,3,6,0,10.07,0,2.47,4,0,0,0,0,0,0,0,0,0,0,0,0,0,0,0,0,0,0
São Paulo,276,Igor Vinícius de Souza,igor-vinicius,Igor Vinícius,95466,9,2,7,0,4.94,0,1.98,6,0,0,0,0,0,0,0,0,0,0,0,0,0,0,0,0,0,0
São Paulo,276,Luan Vinícius da Silva Santos ,luan,Luan,102909,9,4,6,0,3.53,0,0.53,4,0,0,0,0,0,0,0,0,0,0,0,0,0,0,0,0,0,0
São Paulo,276,Juan Francisco Torres Belén,juanfran,Juanfran,72620,9,2,6,0,6.21,0.14,2.4,4,0,0,0,0,0,0,0,0,0,0,0,0,0,0,0,0,0,0
São Paulo,276,Pablo Felipe Teixeira,pablo,Pablo,69138,9,5,5,0,8.36,0,2.77,6,0,0,0,0,0,0,0,0,0,0,0,0,0,0,0,0,0,0
São Paulo,276,Anderson Hernanes de Carvalho Andrade Lima,hernanes,Hernanes,38648,9,4,7,0,8.84,0.18,3.67,4,0,0,0,0,0,0,0,0,0,0,0,0,0,0,0,0,0,0
São Paulo,276,Leonardo Pinheiro da Conceição,leo,Léo,85626,9,2,7,0,3.76,-1.16,2.27,6,0,0,0,0,0,0,0,0,0,0,0,0,0,0,0,0,0,0
São Paulo,276,Walce da Silva Costa Filho,walce,Walce,104074,9,3,5,0,4,0,0,0,0,0,0,0,0,0,0,0,0,0,0,0,0,0,0,0,0,0
São Paulo,276,Danilo das Neves Pinheiro,tche-tche,Tchê Tchê,86686,9,4,7,0,7.35,-0.71,2.01,8,0,0,0,0,0,0,0,0,0,0,0,0,0,0,0,0,0,0
São Paulo,276,Vitor Frezarin Bueno,vitor-bueno,Vitor Bueno,87552,9,4,7,0,7.64,-1.21,3.4,5,0,0,0,0,0,0,0,0,0,0,0,0,0,0,0,0,0,0
São Paulo,276,Igor Matheus Liziero Pereira ,liziero,Liziero,100761,9,4,5,0,4.4,0,1.02,5,0,0,0,0,0,0,0,0,0,0,0,0,0,0,0,0,0,0
São Paulo,276,Igor Silveira Gomes,igor-gomes,Igor Gomes,100084,9,4,7,0,3.22,-0.01,0.19,8,0,0,0,0,0,0,0,0,0,0,0,0,0,0,0,0,0,0
São Paulo,276,Hélio Júnio Nunes de Castro,helinho,Helinho,102598,9,5,6,0,4.08,0.68,2.57,3,0,0,0,0,0,0,0,0,0,0,0,0,0,0,0,0,0,0
São Paulo,276,Paulo Henrique Pereira da Silva,paulinho-boia,Paulinho Bóia,100333,9,5,6,0,5.43,0.24,4.15,6,0,0,0,0,0,0,0,0,0,0,0,0,0,0,0,0,0,0
São Paulo,276,Brenner Souza da Silva,brenner,Brenner,99789,9,5,6,0,4.14,-2.36,5.58,4,0,0,0,0,0,0,0,0,0,0,0,0,0,0,0,0,0,0
São Paulo,276,Luciano da Rocha Neves,luciano,Luciano,80287,9,5,7,0,9.46,0.67,6.15,7,0,0,0,0,0,0,0,0,0,0,0,0,0,0,0,0,0,0
São Paulo,276,Gabriel Davi Gomes Sara,gabriel-sara,Gabriel Sara,100763,9,4,7,0,1.64,0.1,0.16,8,0,0,0,0,0,0,0,0,0,0,0,0,0,0,0,0,0,0
São Paulo,276,Rodrigo Nestor Bertalia,rodrigo-nestor,Rodrigo Nestor,106822,9,4,6,0,2,0,0,0,0,0,0,0,0,0,0,0,0,0,0,0,0,0,0,0,0,0
São Paulo,276,Jonas Gabriel da Silva Nunes,toro,Toró,101885,9,5,6,0,3.7,0,2.95,2,0,0,0,0,0,0,0,0,0,0,0,0,0,0,0,0,0,0
São Paulo,276,Joao Robin Rojas Mendoza,joao-rojas,Joao Rojas,70784,9,5,5,0,6,0,0,0,0,0,0,0,0,0,0,0,0,0,0,0,0,0,0,0,0,0
São Paulo,276,Daniel Alves da Silva,daniel-alves,Daniel Alves,38939,9,4,5,0,13.99,0,5.85,4,0,0,0,0,0,0,0,0,0,0,0,0,0,0,0,0,0,0
São Paulo,276,Reinaldo Manoel da Silva,reinaldo,Reinaldo,78850,9,2,7,0,13.22,0.09,5.18,6,0,0,0,0,0,0,0,0,0,0,0,0,0,0,0,0,0,0
São Paulo,276,Lucas Estella Perri,lucas-perri,Lucas Perri,91260,9,1,6,0,1.1,-0.9,-2,0,0,0,0,0,0,0,0,0,0,0,0,0,0,0,0,0,0,0
São Paulo,276,Shaylon Kallyson Cardoso,shaylon,Shaylon,97520,9,4,6,0,3,0,0,0,0,0,0,0,0,0,0,0,0,0,0,0,0,0,0,0,0,0
São Paulo,276,Dênis de Oliveira Aguiar Júnior,junior,Júnior,103662,9,1,6,0,1,0,0,0,0,0,0,0,0,0,0,0,0,0,0,0,0,0,0,0,0,0
São Paulo,276,Santiago Tréllez Vivero,trellez,Tréllez,87679,9,5,6,0,4,0,0,0,0,0,0,0,0,0,0,0,0,0,0,0,0,0,0,0,0,0
São Paulo,276,Diego Henrique Costa Barbosa,diego,Diego ,101728,9,3,7,0,2.35,0.55,1.22,5,0,0,0,0,0,0,0,0,0,0,0,0,0,0,0,0,0,0
São Paulo,276,Gonzalo Rodrigo Carneiro Méndez,gonzalo-carneiro,Gonzalo Carneiro,101796,9,5,6,0,3.01,-1.08,1.93,3,0,0,0,0,0,0,0,0,0,0,0,0,0,0,0,0,0,0
São Paulo,276,Patryck Lanza dos Reis,patryck,Patryck,106829,9,2,6,0,1,0,0,0,0,0,0,0,0,0,0,0,0,0,0,0,0,0,0,0,0,0
São Paulo,276,Rodrigo dos Santos de Freitas,rodrigo-freitas,Rodrigo Freitas,103261,9,3,6,0,1,0,0,0,0,0,0,0,0,0,0,0,0,0,0,0,0,0,0,0,0,0
São Paulo,276,Thiago Couto Wenceslau,thiago-couto,Thiago Couto,97645,9,1,6,0,1,0,0,0,0,0,0,0,0,0,0,0,0,0,0,0,0,0,0,0,0,0
Santos,277,Kaio Jorge Pinto Ramos,kaio-jorge,Kaio Jorge,103445,9,5,6,0,3.5,0,0.89,8,0,0,0,0,0,0,0,0,0,0,0,0,0,0,0,0,0,0
Santos,277,Tailson Pinto Gonçalves,tailson,Tailson,104578,9,5,6,0,2.65,0,0.95,4,0,0,0,0,0,0,0,0,0,0,0,0,0,0,0,0,0,0
Santos,277,Sandry Roberto Santos Goes,sandry,Sandry,104580,9,4,6,0,2,0,0,0,0,0,0,0,0,0,0,0,0,0,0,0,0,0,0,0,0,0
Santos,277,Lucas Veríssimo da Silva,lucas-verissimo,Lucas Veríssimo,93368,9,3,7,0,8.49,0,2.17,7,0,0,0,0,0,0,0,0,0,0,0,0,0,0,0,0,0,0
Santos,277,Mário Sérgio Santos Costa,marinho,Marinho,68952,9,5,7,0,25.41,2.21,11.64,9,0,0,0,0,0,0,0,0,0,0,0,0,0,0,0,0,0,0
Santos,277,Felipe Jonatan Rocha Andrade,felipe-jonatan,Felipe Jonatan,101708,9,2,3,0,11.83,-1.86,5.77,9,0,0,0,0,0,0,0,0,0,0,0,0,0,0,0,0,0,0
Santos,277,Yeferson Julio Soteldo Martínez,soteldo,Soteldo,87258,9,5,7,0,7.54,-0.16,3.32,8,0,0,0,0,0,0,0,0,0,0,0,0,0,0,0,0,0,0
Santos,277,Luiz Felipe do Nascimento dos Santos,luiz-felipe,Luiz Felipe,79035,9,3,5,0,4.39,0,-0.1,1,0,0,0,0,0,0,0,0,0,0,0,0,0,0,0,0,0,0
Santos,277,Vladimir Orlando Cardoso de Araújo Filho,vladimir,Vladimir,69040,9,1,6,0,6.43,0,2.93,3,0,0,0,0,0,0,0,0,0,0,0,0,0,0,0,0,0,0
Santos,277,Marcos Rogério Ricci Lopes,para,Pará,62086,9,2,2,0,8.75,0,2.92,8,0,0,0,0,0,0,0,0,0,0,0,0,0,0,0,0,0,0
Santos,277,Alison Lopes Ferreira,alison,Alison,73974,9,4,7,0,8.63,0,1.39,7,0,0,0,0,0,0,0,0,0,0,0,0,0,0,0,0,0,0
Santos,277,Fernando Uribe Hincapié,uribe,Uribe,78415,9,5,6,0,3.33,0,0.6,1,0,0,0,0,0,0,0,0,0,0,0,0,0,0,0,0,0,0
Santos,277,Madson Ferreira dos Santos,madson,Madson,78077,9,2,2,0,4.43,0.23,2.08,4,0,0,0,0,0,0,0,0,0,0,0,0,0,0,0,0,0,0
Santos,277,Luan Peres Petroni,luan-peres,Luan Peres ,84847,9,3,7,0,5.64,0,2.33,8,0,0,0,0,0,0,0,0,0,0,0,0,0,0,0,0,0,0
Santos,277,Jonathan Copete Valencia,copete,Copete,77959,9,5,6,0,4,0,0,0,0,0,0,0,0,0,0,0,0,0,0,0,0,0,0,0,0,0
Santos,277,Jean Mota Oliveira de Sousa,jean-mota,Jean Mota,78548,9,4,6,0,3.55,0,1.3,4,0,0,0,0,0,0,0,0,0,0,0,0,0,0,0,0,0,0
Santos,277,Raniel Santana de Vasconcelos,raniel,Raniel,86797,9,5,6,0,5.84,0,4.2,2,0,0,0,0,0,0,0,0,0,0,0,0,0,0,0,0,0,0
Santos,277,Jobson Souza Santos,jobson,Jobson,93377,9,4,2,0,3.83,-0.18,0.77,8,0,0,0,0,0,0,0,0,0,0,0,0,0,0,0,0,0,0
Santos,277,João Paulo Silva Martins,joao-paulo,João Paulo,85425,9,1,7,0,9.77,-0.29,8.21,7,0,0,0,0,0,0,0,0,0,0,0,0,0,0,0,0,0,0
Santos,277,Diego Cristiano Evaristo,diego-pituca,Diego Pituca,94156,9,4,7,0,8.07,0.57,2.86,9,0,0,0,0,0,0,0,0,0,0,0,0,0,0,0,0,0,0
Santos,277,John Victor Maciel Furtado,john-victor,John Victor,94044,9,1,6,0,1,0,0,0,0,0,0,0,0,0,0,0,0,0,0,0,0,0,0,0,0,0
Santos,277,Arthur Gomes Lourenço,arthur-gomes,Arthur Gomes,96966,9,5,2,0,5.07,0.98,4.2,3,0,0,0,0,0,0,0,0,0,0,0,0,0,0,0,0,0,0
Santos,277,Carlos Andrés Sánchez Arcosa,carlos-sanchez,Carlos Sánchez,81677,9,4,2,0,5.38,-0.05,1.16,9,0,0,0,0,0,0,0,0,0,0,0,0,0,0,0,0,0,0
Santos,277,Wagner Leonardo Calvelo de Souza,wagner-leonardo,Wagner Leonardo,104994,9,3,6,0,2.19,0.19,2.9,1,0,0,0,0,0,0,0,0,0,0,0,0,0,0,0,0,0,0
Santos,277,Francisco Anderson de Jesus dos Santos,anderson-ceara,Anderson Ceará,103724,9,4,6,0,2,0,0,0,0,0,0,0,0,0,0,0,0,0,0,0,0,0,0,0,0,0
Santos,277,Alex de Oliveira Nascimento,alex,Alex,101600,9,3,2,0,2.76,-0.3,3.27,4,0,0,0,0,0,0,0,0,0,0,0,0,0,0,0,0,0,0
Santos,277,Ivonei Júnior da Silva Rabelo,ivonei,Ivonei,105899,9,4,6,0,1.13,0.37,0.6,3,0,0,0,0,0,0,0,0,0,0,0,0,0,0,0,0,0,0
Santos,277,Marcos Leonardo Santos Almeida,marcos-leonardo,Marcos Leonardo,109497,9,5,6,0,0.75,0,-0.25,2,0,0,0,0,0,0,0,0,0,0,0,0,0,0,0,0,0,0
Santos,277,Matheus Purcelo Blecha de Moraes,matheus-moraes,Matheus Moraes,109560,9,4,6,0,1,0,0,0,0,0,0,0,0,0,0,0,0,0,0,0,0,0,0,0,0,0
Santos,277,Alexi Stival,cuca,Cuca,42411,9,6,7,0,11.01,0.19,4.29,9,0,0,0,0,0,0,0,0,0,0,0,0,0,0,0,0,0,0
Santos,277,Derick Fernando da Silva,derick,Derick ,109830,9,3,6,0,0.77,-0.23,0,1,0,0,0,0,0,0,0,0,0,0,0,0,0,0,0,0,0,0
Santos,277,Lucas Braga Ribeiro,lucas-braga,Lucas Braga,99119,9,5,7,0,1.89,0.66,0.42,6,0,0,0,0,0,0,0,0,0,0,0,0,0,0,0,0,0,0
Santos,277,Lucas Lourenço Andrade,lucas-lourenco,Lucas Lourenço,101580,9,4,6,0,2,0,0,0,0,0,0,0,0,0,0,0,0,0,0,0,0,0,0,0,0,0
Bragantino,280,Raul Lô Gonçalves,raul,Raul,92496,9,4,7,0,7.99,0.99,11.6,1,0,0,0,0,0,0,0,0,0,0,0,0,0,0,0,0,0,0
Bragantino,280,Leandro Henrique do Nascimento,leandrinho,Leandrinho,91702,9,5,5,0,2.39,0,0.67,3,0,0,0,0,0,0,0,0,0,0,0,0,0,0,0,0,0,0
Bragantino,280,Wesley Pionteck Souza,wesley,Wesley,93376,9,5,5,0,2,0,0,0,0,0,0,0,0,0,0,0,0,0,0,0,0,0,0,0,0,0
Bragantino,280,Luan Cândido de Almeida,luan-candido,Luan Cândido,100848,9,2,6,0,2,0,0,0,0,0,0,0,0,0,0,0,0,0,0,0,0,0,0,0,0,0
Bragantino,280,Gustavo Bonatto Barreto,barreto,Barreto,89224,9,4,6,0,3.64,0,0.55,2,0,0,0,0,0,0,0,0,0,0,0,0,0,0,0,0,0,0
Bragantino,280,Ytalo José Oliveira dos Santos,ytalo,Ytalo,53148,9,5,2,0,4.92,-1.03,1.87,6,0,0,0,0,0,0,0,0,0,0,0,0,0,0,0,0,0,0
Bragantino,280,Andrew Erik Feitosa,morato,Morato,86227,9,5,7,0,2.12,0,0.16,8,0,0,0,0,0,0,0,0,0,0,0,0,0,0,0,0,0,0
Bragantino,280,Matheus Sousa de Jesus,matheus-jesus,Matheus Jesus,95335,9,4,6,0,4.69,0.16,0.98,8,0,0,0,0,0,0,0,0,0,0,0,0,0,0,0,0,0,0
Bragantino,280,Fabrício Bruno Soares de Faria,fabricio-bruno,Fabrício Bruno,90768,9,3,6,0,0.93,0,-0.4,4,0,0,0,0,0,0,0,0,0,0,0,0,0,0,0,0,0,0
Bragantino,280,Júlio César de Souza Santos,julio-cesar,Júlio César,38133,9,1,2,0,6,0,0,0,0,0,0,0,0,0,0,0,0,0,0,0,0,0,0,0,0,0
Bragantino,280,Alex Alves de Lima,alex-alves,Alex Alves,77861,9,1,6,0,1,0,0,0,0,0,0,0,0,0,0,0,0,0,0,0,0,0,0,0,0,0
Bragantino,280,Artur Victor Guimarães,artur,Artur,95799,9,5,7,0,12.74,0.84,3.06,9,0,0,0,0,0,0,0,0,0,0,0,0,0,0,0,0,0,0
Bragantino,280,Alerrandro Barra Mansa Realino de Souza,alerrandro,Alerrandro,101715,9,5,2,0,9.85,-0.74,5.5,7,0,0,0,0,0,0,0,0,0,0,0,0,0,0,0,0,0,0
Bragantino,280,Ricardo Ryller Ribeiro Lino Silva,ricardo-ryller,Ricardo Ryller,85856,9,4,7,0,3.03,-1.04,1.34,8,0,0,0,0,0,0,0,0,0,0,0,0,0,0,0,0,0,0
Bragantino,280,Aderlan de Lima Silva,aderlan,Aderlan,88423,9,2,7,0,9.05,0.16,2.25,9,0,0,0,0,0,0,0,0,0,0,0,0,0,0,0,0,0,0
Bragantino,280,Robson José Brilhante Martins,robinho,Robinho,97461,9,5,6,0,2.47,0,1.98,4,0,0,0,0,0,0,0,0,0,0,0,0,0,0,0,0,0,0
Bragantino,280,Ligger Moreira Malaquias,ligger,Ligger,61141,9,3,6,0,2.78,0.08,0.28,4,0,0,0,0,0,0,0,0,0,0,0,0,0,0,0,0,0,0
Bragantino,280,Uillian Correia Granemann,uillian-correia,Uillian Correia,72007,9,4,6,0,2.92,-0.2,0.13,3,0,0,0,0,0,0,0,0,0,0,0,0,0,0,0,0,0,0
Bragantino,280,Cleiton Schwengber,cleiton,Cleiton,93882,9,1,2,0,0.77,0,-1.56,9,0,0,0,0,0,0,0,0,0,0,0,0,0,0,0,0,0,0
Bragantino,280,Victor Hugo Santana Carvalho,vitinho,Vitinho,95770,9,4,5,0,3,0,0,0,0,0,0,0,0,0,0,0,0,0,0,0,0,0,0,0,0,0
Bragantino,280,Leonardo Rech Ortiz,leo-ortiz,Léo Ortiz,97867,9,3,7,0,7.04,0.16,2.44,9,0,0,0,0,0,0,0,0,0,0,0,0,0,0,0,0,0,0
Bragantino,280,Edimar Curitiba Fraga,edimar,Edimar,62024,9,2,7,0,2.92,-0.9,0.96,8,0,0,0,0,0,0,0,0,0,0,0,0,0,0,0,0,0,0
Bragantino,280,Lucas Evangelista Santana de Oliveira,lucas-evangelista,Lucas Evangelista,84674,9,4,6,0,3.06,0.26,0.86,5,0,0,0,0,0,0,0,0,0,0,0,0,0,0,0,0,0,0
Bragantino,280,Bruno Nunes de Barros,bruno-tubarao,Bruno Tubarão,93637,9,4,6,0,1.88,0.3,0.66,8,0,0,0,0,0,0,0,0,0,0,0,0,0,0,0,0,0,0
Bragantino,280,Claudio Luiz Rodrigues Parisi Leonel,claudinho,Claudinho,92630,9,5,7,0,12.68,-2.14,5.53,8,0,0,0,0,0,0,0,0,0,0,0,0,0,0,0,0,0,0
Bragantino,280,Jan Carlos Hurtado Anchico,hurtado,Hurtado,105301,9,5,6,0,2.24,0,0.47,3,0,0,0,0,0,0,0,0,0,0,0,0,0,0,0,0,0,0
Bragantino,280,Thonny Anderson da Silva Carvalho,thonny-anderson,Thonny Anderson,101484,9,4,6,0,6,0,0,0,0,0,0,0,0,0,0,0,0,0,0,0,0,0,0,0,0,0
Bragantino,280,Weverton Guilherme da Silva Souza,weverton,Weverton,104625,9,2,5,0,1.19,0,0.1,3,0,0,0,0,0,0,0,0,0,0,0,0,0,0,0,0,0,0
Bragantino,280,Tomás Esteban Cuello,cuello,Cuello,98909,9,4,6,0,2,0,0,0,0,0,0,0,0,0,0,0,0,0,0,0,0,0,0,0,0,0
Bragantino,280,César Rafael Haydar Villarreal,haydar,Haydar,108385,9,3,6,0,2,0,0,0,0,0,0,0,0,0,0,0,0,0,0,0,0,0,0,0,0,0
Bragantino,280,Weverson Moreira da Costa,weverson,Weverson,109426,9,2,6,0,0.76,0,-1.03,6,0,0,0,0,0,0,0,0,0,0,0,0,0,0,0,0,0,0
Bragantino,280,Leonardo Javier Realpe Montaño,realpe,Realpe,106299,9,3,7,0,2.95,-0.32,0.5,3,0,0,0,0,0,0,0,0,0,0,0,0,0,0,0,0,0,0
Bragantino,280,Luis Phelipe de Souza Figueiredo,luis-phelipe,Luis Phelipe,104500,9,5,5,0,4.64,0,3.77,3,0,0,0,0,0,0,0,0,0,0,0,0,0,0,0,0,0,0
Bragantino,280,Chrigor Flores Moraes,chrigor,Chrigor,101398,9,5,6,0,2.25,0,2.4,1,0,0,0,0,0,0,0,0,0,0,0,0,0,0,0,0,0,0
Bragantino,280,Maurício Nogueira Barbieri,mauricio-barbieri,Maurício Barbieri,82792,9,6,7,0,4.81,-0.25,1.02,2,0,0,0,0,0,0,0,0,0,0,0,0,0,0,0,0,0,0
Atlético-MG,282,Fábio Santos Romeu,fabio-santos,Fábio Santos,38229,9,2,6,0,6.19,0,3.3,3,0,0,0,0,0,0,0,0,0,0,0,0,0,0,0,0,0,0
Atlético-MG,282,Diego Tardelli Martins,diego-tardelli,Diego Tardelli,38231,9,5,5,0,9,0,0,0,0,0,0,0,0,0,0,0,0,0,0,0,0,0,0,0,0,0
Atlético-MG,282,Gustavo Blanco Petersen Macedo,gustavo-blanco,Gustavo Blanco,91191,9,4,6,0,6,0,0,0,0,0,0,0,0,0,0,0,0,0,0,0,0,0,0,0,0,0
Atlético-MG,282,Allan Rodrigues de Souza,allan,Allan,96652,9,4,7,0,6.35,-0.04,1.36,8,0,0,0,0,0,0,0,0,0,0,0,0,0,0,0,0,0,0
Atlético-MG,282,Wellington Daniel Bueno,bueno,Bueno,97425,9,3,6,0,8.64,0,6.2,2,0,0,0,0,0,0,0,0,0,0,0,0,0,0,0,0,0,0
Atlético-MG,282,Maílton dos Santos de Sá,mailton,Maílton,97898,9,2,6,0,2.97,0,-0.1,1,0,0,0,0,0,0,0,0,0,0,0,0,0,0,0,0,0,0
Atlético-MG,282,Jefferson David Savarino Quintero,savarino,Savarino,98672,9,5,6,0,3.47,0.24,0.32,8,0,0,0,0,0,0,0,0,0,0,0,0,0,0,0,0,0,0
Atlético-MG,282,Eduardo Colcenti Antunes,eduardo-sasha,Eduardo Sasha,70360,9,5,7,0,8.37,0.58,5.12,4,0,0,0,0,0,0,0,0,0,0,0,0,0,0,0,0,0,0
Atlético-MG,282,Cláudio Rodrigues Gomes,guga,Guga,101319,9,2,7,0,14.56,0,6.63,6,0,0,0,0,0,0,0,0,0,0,0,0,0,0,0,0,0,0
Atlético-MG,282,Everson Felipe Marques Pires,everson,Everson,72294,9,1,7,0,11,0,0,0,0,0,0,0,0,0,0,0,0,0,0,0,0,0,0,0,0,0
Atlético-MG,282,Bruno da Silva Costa,bruno-silva,Bruno Silva,101422,9,5,6,0,1.68,0,0.75,2,0,0,0,0,0,0,0,0,0,0,0,0,0,0,0,0,0,0
Atlético-MG,282,Marrony da Silva Liberato,marrony,Marrony,101717,9,5,7,0,10.21,-0.08,3.81,8,0,0,0,0,0,0,0,0,0,0,0,0,0,0,0,0,0,0
Atlético-MG,282,Dylan Felipe Borrero Caicedo,borrero,Borrero,106843,9,4,6,0,4,0,0,0,0,0,0,0,0,0,0,0,0,0,0,0,0,0,0,0,0,0
Atlético-MG,282,Gustavo Henrique Santos,gustavo-henrique,Gustavo Henrique,107963,9,3,6,0,2,0,0,0,0,0,0,0,0,0,0,0,0,0,0,0,0,0,0,0,0,0
Atlético-MG,282,José Marcos Costa Martins,marquinhos,Marquinhos,98765,9,5,6,0,4.3,-0.31,1.81,8,0,0,0,0,0,0,0,0,0,0,0,0,0,0,0,0,0,0
Atlético-MG,282,Réver Humberto Alves Araújo,rever,Réver,52253,9,3,2,0,7.48,0,2.87,3,0,0,0,0,0,0,0,0,0,0,0,0,0,0,0,0,0,0
Atlético-MG,282,Victor Leandro Bagy,victor,Victor,52950,9,1,6,0,6.11,-3.89,-7.2,1,0,0,0,0,0,0,0,0,0,0,0,0,0,0,0,0,0,0
Atlético-MG,282,Jorge Sampaoli,jorge-sampaoli,Jorge Sampaoli,70800,9,6,7,0,13.37,-0.79,4.81,8,0,0,0,0,0,0,0,0,0,0,0,0,0,0,0,0,0,0
Atlético-MG,282,Jair Rodrigues Júnior,jair,Jair,81091,9,4,3,0,7.41,-0.78,3.94,8,0,0,0,0,0,0,0,0,0,0,0,0,0,0,0,0,0,0
Atlético-MG,282,Alan Steven Franco Palma,franco,Franco,39656,9,4,7,0,6.88,1.92,4.09,8,0,0,0,0,0,0,0,0,0,0,0,0,0,0,0,0,0,0
Atlético-MG,282,Juan Ramón Cazares Sevillano,cazares,Cazares,81682,9,4,6,0,12,0,0,0,0,0,0,0,0,0,0,0,0,0,0,0,0,0,0,0,0,0
Atlético-MG,282,Rafael Pires Monteiro,rafael,Rafael,68928,9,1,3,0,7.81,-2.6,2.36,8,0,0,0,0,0,0,0,0,0,0,0,0,0,0,0,0,0,0
Atlético-MG,282,Hyoran Kaue Dalmoro,hyoran,Hyoran,85931,9,4,2,0,12.89,0.1,5.22,8,0,0,0,0,0,0,0,0,0,0,0,0,0,0,0,0,0,0
Atlético-MG,282,Gabriel Costa França,gabriel,Gabriel,87393,9,3,6,0,7.83,0,2.8,1,0,0,0,0,0,0,0,0,0,0,0,0,0,0,0,0,0,0
Atlético-MG,282,Nathan Allan de Souza,nathan,Nathan,87009,9,4,2,0,10.94,0,6.7,2,0,0,0,0,0,0,0,0,0,0,0,0,0,0,0,0,0,0
Atlético-MG,282,Júnior Osmar Ignacio Alonso Mujica,junior-alonso,Júnior Alonso,88312,9,3,7,0,11.05,-0.78,4.85,8,0,0,0,0,0,0,0,0,0,0,0,0,0,0,0,0,0,0
Atlético-MG,282,Leonardo de Souza Sena,leo-sena,Léo Sena,90572,9,4,6,0,6.21,0,0.8,1,0,0,0,0,0,0,0,0,0,0,0,0,0,0,0,0,0,0
Atlético-MG,282,Igor Rabello da Costa,igor-rabello,Igor Rabello,89493,9,3,2,0,12.35,-1.14,5.12,6,0,0,0,0,0,0,0,0,0,0,0,0,0,0,0,0,0,0
Atlético-MG,282,Marcos da Silva França,keno,Keno,86485,9,5,7,0,7.93,-0.91,1.64,8,0,0,0,0,0,0,0,0,0,0,0,0,0,0,0,0,0,0
Atlético-MG,282,Guilherme Antonio Arana Lopes,guilherme-arana,Guilherme Arana,87228,9,2,7,0,16.28,-0.92,5.03,8,0,0,0,0,0,0,0,0,0,0,0,0,0,0,0,0,0,0
Atlético-MG,282,Matheus Mendes Werneck de Oliveira,matheus-mendes,Matheus Mendes,104383,9,1,6,0,1,0,0,0,0,0,0,0,0,0,0,0,0,0,0,0,0,0,0,0,0,0
Atlético-MG,282,Sávio Moreira de Oliveira,savio,Sávio,109463,9,5,6,0,1,0,0,0,0,0,0,0,0,0,0,0,0,0,0,0,0,0,0,0,0,0
Atlético-MG,282,Calebe Gonçalves Ferreira da Silva,calebe,Calebe,109461,9,4,6,0,1,0,0,0,0,0,0,0,0,0,0,0,0,0,0,0,0,0,0,0,0,0
Atlético-MG,282,Mariano Ferreira Filho,mariano,Mariano,38877,9,2,6,0,8.85,-1.16,2.98,5,0,0,0,0,0,0,0,0,0,0,0,0,0,0,0,0,0,0
Grêmio,284,Pedro Tonon Geromel,pedro-geromel,Pedro Geromel,80853,9,3,6,0,9.56,0,3.48,5,0,0,0,0,0,0,0,0,0,0,0,0,0,0,0,0,0,0
Grêmio,284,Renato Portaluppi,renato-gaucho,Renato Gaúcho,41929,9,6,7,0,13.06,1.27,4.28,8,0,0,0,0,0,0,0,0,0,0,0,0,0,0,0,0,0,0
Grêmio,284,Victor Ferraz Macedo,victor-ferraz,Victor Ferraz,70046,9,2,2,0,9,0,0,0,0,0,0,0,0,0,0,0,0,0,0,0,0,0,0,0,0,0
Grêmio,284,Vanderlei Farias da Silva,vanderlei,Vanderlei,62121,9,1,6,0,11.81,5.3,4.27,6,0,0,0,0,0,0,0,0,0,0,0,0,0,0,0,0,0,0
Grêmio,284,Diego Souza de Andrade,diego-souza,Diego Souza,68911,9,5,6,0,8.3,0.07,0.72,6,0,0,0,0,0,0,0,0,0,0,0,0,0,0,0,0,0,0
Grêmio,284,Everton Cardoso da Silva,everton,Everton,50301,9,4,6,0,6.81,1.68,2.92,4,0,0,0,0,0,0,0,0,0,0,0,0,0,0,0,0,0,0
Grêmio,284,Luiz Fernando Moraes dos Santos,luiz-fernando,Luiz Fernando ,90715,9,5,7,0,6.13,0.81,3.78,4,0,0,0,0,0,0,0,0,0,0,0,0,0,0,0,0,0,0
Grêmio,284,Walter Kannemann,kannemann,Kannemann,87342,9,3,5,0,11.23,0,4.28,6,0,0,0,0,0,0,0,0,0,0,0,0,0,0,0,0,0,0
Grêmio,284,Jean Pyerre Casagrande Silveira Correa,jean-pyerre,Jean Pyerre,98832,9,4,5,0,12.85,0,4.7,4,0,0,0,0,0,0,0,0,0,0,0,0,0,0,0,0,0,0
Grêmio,284,Jonathan Doin,paulo-miranda,Paulo Miranda,68817,9,3,7,0,3.45,0.45,5.1,1,0,0,0,0,0,0,0,0,0,0,0,0,0,0,0,0,0,0
Grêmio,284,Paulo Victor Mileo Vidotti,paulo-victor,Paulo Victor,68873,9,1,7,0,7.25,0,6.85,2,0,0,0,0,0,0,0,0,0,0,0,0,0,0,0,0,0,0
Grêmio,284,Bruno Cortês Barbosa,bruno-cortez,Bruno Cortez,72079,9,2,7,0,11.14,1.21,4.01,8,0,0,0,0,0,0,0,0,0,0,0,0,0,0,0,0,0,0
Grêmio,284,Luis Manuel Orejuela García,orejuela,Orejuela,95352,9,2,2,0,9.96,2.23,4.1,8,0,0,0,0,0,0,0,0,0,0,0,0,0,0,0,0,0,0
Grêmio,284,Leonardo Gomes da Conceição Silva,leonardo,Leonardo,86973,9,2,6,0,6,0,0,0,0,0,0,0,0,0,0,0,0,0,0,0,0,0,0,0,0,0
Grêmio,284,Guilherme Alecsander Guedes,guilherme-guedes,Guilherme Guedes,100741,9,2,5,0,3,0,0,0,0,0,0,0,0,0,0,0,0,0,0,0,0,0,0,0,0,0
Grêmio,284,Alisson Euler de Freitas Castro,alisson,Alisson,81845,9,4,6,0,12.72,1.3,6.61,8,0,0,0,0,0,0,0,0,0,0,0,0,0,0,0,0,0,0
Grêmio,284,Thaciano Mickael da Silva,thaciano,Thaciano,87470,9,4,6,0,5.18,0,1.88,5,0,0,0,0,0,0,0,0,0,0,0,0,0,0,0,0,0,0
Grêmio,284,Antônio Josenildo Rodrigues de Oliveira,rodrigues,Rodrigues,91251,9,3,2,0,2.42,0.81,2.65,2,0,0,0,0,0,0,0,0,0,0,0,0,0,0,0,0,0,0
Grêmio,284,Eduardo Gabriel Aquino Cossa,pepe,Pepê,91201,9,5,6,0,13.86,0,7.03,6,0,0,0,0,0,0,0,0,0,0,0,0,0,0,0,0,0,0
Grêmio,284,Patrick Machado Ferreira ,patrick,Patrick,99918,9,4,6,0,2.74,0,-0.5,1,0,0,0,0,0,0,0,0,0,0,0,0,0,0,0,0,0,0
Grêmio,284,Matheus Henrique de Souza,matheus-henrique,Matheus Henrique,100742,9,4,3,0,5.32,-1.35,-0.32,6,0,0,0,0,0,0,0,0,0,0,0,0,0,0,0,0,0,0
Grêmio,284,Maicon Thiago Pereira de Souza,maicon,Maicon,38196,9,4,2,0,3.72,0,-0.23,3,0,0,0,0,0,0,0,0,0,0,0,0,0,0,0,0,0,0
Grêmio,284,Júlio César Jacobi,julio-cesar,Júlio César,49673,9,1,6,0,4,0,0,0,0,0,0,0,0,0,0,0,0,0,0,0,0,0,0,0,0,0
Grêmio,284,Marcelo Oliveira Ferreira,marcelo-oliveira,Marcelo Oliveira,50328,9,3,6,0,3,0,0,0,0,0,0,0,0,0,0,0,0,0,0,0,0,0,0,0,0,0
Grêmio,284,David Braz de Oliveira Filho,david-braz,David Braz,50317,9,3,2,0,8.68,0.92,3.63,6,0,0,0,0,0,0,0,0,0,0,0,0,0,0,0,0,0,0
Grêmio,284,Diogo Barbosa Mendanha,diogo-barbosa,Diogo Barbosa,70916,9,2,6,0,8.08,0,4.5,5,0,0,0,0,0,0,0,0,0,0,0,0,0,0,0,0,0,0
Grêmio,284,Brenno Oliveira Fraga Costa,brenno,Brenno,100830,9,1,6,0,1,0,0,0,0,0,0,0,0,0,0,0,0,0,0,0,0,0,0,0,0,0
Grêmio,284,Darlan Pereira Mendes,darlan,Darlan,104593,9,4,7,0,5.58,1.27,3.05,4,0,0,0,0,0,0,0,0,0,0,0,0,0,0,0,0,0,0
Grêmio,284,Lucas Silva Borges,lucas-silva,Lucas Silva,79701,9,4,2,0,4.94,-0.67,1.51,8,0,0,0,0,0,0,0,0,0,0,0,0,0,0,0,0,0,0
Grêmio,284,Guilherme da Silva Azevedo,guilherme-azevedo,Guilherme Azevedo,105837,9,5,7,0,1.01,0.15,0.8,2,0,0,0,0,0,0,0,0,0,0,0,0,0,0,0,0,0,0
Grêmio,284,Fabrício do Rosário dos Santos,fabricio,Fabrício,104134,9,5,6,0,0.77,0,0,1,0,0,0,0,0,0,0,0,0,0,0,0,0,0,0,0,0,0
Grêmio,284,Róbson Michael Signorini,robinho,Robinho,62104,9,4,7,0,5.01,0,2.85,2,0,0,0,0,0,0,0,0,0,0,0,0,0,0,0,0,0,0
Grêmio,284,Ruan Tressoldi Netto,ruan,Ruan,100842,9,3,6,0,0.74,0,0,1,0,0,0,0,0,0,0,0,0,0,0,0,0,0,0,0,0,0
Grêmio,284,Isaque Elias Brito,isaque,Isaque,101483,9,5,7,0,5.2,-0.53,3.1,8,0,0,0,0,0,0,0,0,0,0,0,0,0,0,0,0,0,0
Grêmio,284,Lucas Araújo de Oliveira,lucas-araujo,Lucas Araújo,100844,9,4,6,0,1,0,0,0,0,0,0,0,0,0,0,0,0,0,0,0,0,0,0,0,0,0
Grêmio,284,Rildo Gonçalves de Amorim Filho,rildo,Rildo,107798,9,4,6,0,0.77,-0.23,0,1,0,0,0,0,0,0,0,0,0,0,0,0,0,0,0,0,0,0
Grêmio,284,Aldemir dos Santos Ferreira,ferreira,Ferreira,101290,9,5,6,0,3,0,0,0,0,0,0,0,0,0,0,0,0,0,0,0,0,0,0,0,0,0
Internacional,285,José Paolo Guerrero Gonzales,paolo-guerrero,Paolo Guerrero,75295,9,5,5,0,20.81,0,11.2,3,0,0,0,0,0,0,0,0,0,0,0,0,0,0,0,0,0,0
Internacional,285,Patrick Bezerra do Nascimento,patrick,Patrick,83433,9,4,6,0,11.01,-1.46,4.28,9,0,0,0,0,0,0,0,0,0,0,0,0,0,0,0,0,0,0
Internacional,285,Moisés Roberto Barbosa,moises,Moisés,90444,9,2,7,0,11.93,1,4.74,8,0,0,0,0,0,0,0,0,0,0,0,0,0,0,0,0,0,0
Internacional,285,Eduardo Germán Coudet,eduardo-coudet,Eduardo Coudet,94853,9,6,7,0,13.29,0.97,4.68,9,0,0,0,0,0,0,0,0,0,0,0,0,0,0,0,0,0,0
Internacional,285,Bruno Conceição Praxedes,praxedes,Praxedes,107744,9,4,7,0,0.76,0,-0.97,3,0,0,0,0,0,0,0,0,0,0,0,0,0,0,0,0,0,0
Internacional,285,Uendel Pereira Gonçalves,uendel,Uendel,60852,9,2,6,0,4,0,4,1,0,0,0,0,0,0,0,0,0,0,0,0,0,0,0,0,0,0
Internacional,285,Danilo Fernandes Batista,danilo-fernandes,Danilo Fernandes,69051,9,1,6,0,6,0,0,0,0,0,0,0,0,0,0,0,0,0,0,0,0,0,0,0,0,0
Internacional,285,Thiago Galhardo do Nascimento Rocha,thiago-galhardo,Thiago Galhardo,71844,9,4,6,0,20.47,2.3,10.54,9,0,0,0,0,0,0,0,0,0,0,0,0,0,0,0,0,0,0
Internacional,285,Rodinei Marcelo de Almeida,rodinei,Rodinei,73992,9,2,7,0,4.2,0,2.6,3,0,0,0,0,0,0,0,0,0,0,0,0,0,0,0,0,0,0
Internacional,285,Rodrigo Oliveira Lindoso,rodrigo-lindoso,Rodrigo Lindoso,72362,9,4,7,0,4.59,0,1.52,6,0,0,0,0,0,0,0,0,0,0,0,0,0,0,0,0,0,0
Internacional,285,William de Oliveira Pottker,william-pottker,William Pottker,77809,9,5,5,0,3.36,0,-0.03,3,0,0,0,0,0,0,0,0,0,0,0,0,0,0,0,0,0,0
Internacional,285,Rodrigo Dourado Cunha,rodrigo-dourado,Rodrigo Dourado,78865,9,4,6,0,6,0,0,0,0,0,0,0,0,0,0,0,0,0,0,0,0,0,0,0,0,0
Internacional,285,Marcos Guilherme de Almeida Santos Matos,marcos-guilherme,Marcos Guilherme ,83266,9,4,7,0,3.35,0,0.14,8,0,0,0,0,0,0,0,0,0,0,0,0,0,0,0,0,0,0
Internacional,285,Matheus Isaías dos Santos,matheus-jussa,Matheus Jussa,91689,9,3,6,0,2.32,0,0.9,2,0,0,0,0,0,0,0,0,0,0,0,0,0,0,0,0,0,0
Internacional,285,Tiago Barbosa Figueiredo,tiago-barbosa,Tiago Barbosa,107742,9,3,6,0,2,0,0,0,0,0,0,0,0,0,0,0,0,0,0,0,0,0,0,0,0,0
Internacional,285,Gabriel Boschilia,boschilia,Boschilia,86841,9,4,6,0,10.33,3.11,5.28,8,0,0,0,0,0,0,0,0,0,0,0,0,0,0,0,0,0,0
Internacional,285,Carlos Eduardo da Silva Rodrigues Lima,carlos-eduardo,Carlos Eduardo,107756,9,3,6,0,1,0,0,0,0,0,0,0,0,0,0,0,0,0,0,0,0,0,0,0,0,0
Internacional,285,Keiller da Silva Nunes,keiller,Keiller,93834,9,1,6,0,2,0,0,0,0,0,0,0,0,0,0,0,0,0,0,0,0,0,0,0,0,0
Internacional,285,João Lucas Souza Cardoso,johnny,Johnny ,106002,9,4,6,0,2.55,0.61,2.43,3,0,0,0,0,0,0,0,0,0,0,0,0,0,0,0,0,0,0
Internacional,285,João Gabriel Martins Peglow,peglow,Peglow,106821,9,4,5,0,1.74,-0.33,0.82,5,0,0,0,0,0,0,0,0,0,0,0,0,0,0,0,0,0,0
Internacional,285,Víctor Leandro Cuesta,victor-cuesta,Víctor Cuesta,79113,9,3,7,0,11.7,0.84,3.36,9,0,0,0,0,0,0,0,0,0,0,0,0,0,0,0,0,0,0
Internacional,285,Marcelo Lomba do Nascimento,marcelo-lomba,Marcelo Lomba,68872,9,1,7,0,10.05,1.2,0.84,9,0,0,0,0,0,0,0,0,0,0,0,0,0,0,0,0,0,0
Internacional,285,Leonardo Borges da Silva,leonardo-borges,Leonardo Borges,105839,9,2,6,0,1,0,0,0,0,0,0,0,0,0,0,0,0,0,0,0,0,0,0,0,0,0
Internacional,285,César Coelho Campos Júnior,cesinha,Cesinha,107746,9,4,6,0,1,0,0,0,0,0,0,0,0,0,0,0,0,0,0,0,0,0,0,0,0,0
Internacional,285,Pedro Henrique Alves Santana,pedro-henrique,Pedro Henrique,105840,9,3,6,0,1,0,0,0,0,0,0,0,0,0,0,0,0,0,0,0,0,0,0,0,0,0
Internacional,285,José Gabriel dos Santos Silva,ze-gabriel,Zé Gabriel,105902,9,4,6,0,2.31,0.44,0.91,7,0,0,0,0,0,0,0,0,0,0,0,0,0,0,0,0,0,0
Internacional,285,Damián Marcelo Musto,musto,Musto,94838,9,4,6,0,6.8,0,3.6,5,0,0,0,0,0,0,0,0,0,0,0,0,0,0,0,0,0,0
Internacional,285,Daniel de Sousa Brito,daniel,Daniel,96468,9,1,6,0,2,0,0,0,0,0,0,0,0,0,0,0,0,0,0,0,0,0,0,0,0,0
Internacional,285,Roberto Pinheiro da Rosa,roberto,Roberto,104086,9,3,6,0,2,0,0,0,0,0,0,0,0,0,0,0,0,0,0,0,0,0,0,0,0,0
Internacional,285,Gustavo Nonato Santana,nonato,Nonato,100987,9,4,7,0,4.62,-0.53,3.65,2,0,0,0,0,0,0,0,0,0,0,0,0,0,0,0,0,0,0
Internacional,285,Martín Nicolás Sarrafiore,sarrafiore,Sarrafiore,101315,9,4,6,0,2.95,0.42,2,2,0,0,0,0,0,0,0,0,0,0,0,0,0,0,0,0,0,0
Internacional,285,Renzo Saravia,saravia,Saravia,96725,9,2,6,0,20.88,1.58,8.87,7,0,0,0,0,0,0,0,0,0,0,0,0,0,0,0,0,0,0
Internacional,285,Heitor Rodrigues da Fonseca,heitor,Heitor,104649,9,2,6,0,4,0,0,0,0,0,0,0,0,0,0,0,0,0,0,0,0,0,0,0,0,0
Internacional,285,Lucas Ribeiro dos Santos,lucas-ribeiro,Lucas Ribeiro,103088,9,3,6,0,4,0,0,0,0,0,0,0,0,0,0,0,0,0,0,0,0,0,0,0,0,0
Internacional,285,Yuri Alberto Monteiro da Silva,yuri-alberto,Yuri Alberto,100652,9,5,5,0,2.16,0,-0.2,1,0,0,0,0,0,0,0,0,0,0,0,0,0,0,0,0,0,0
Internacional,285,Andrés Nicolas D'Alessandro,d-alessandro,D'Alessandro,62023,9,4,7,0,3.33,-0.71,0.7,7,0,0,0,0,0,0,0,0,0,0,0,0,0,0,0,0,0,0
Internacional,285,Edenílson Andrade Dos Santos,edenilson,Edenílson,63289,9,4,6,0,8.64,0.64,2.31,8,0,0,0,0,0,0,0,0,0,0,0,0,0,0,0,0,0,0
Internacional,285,Rodrigo Modesto da Silva Moledo,rodrigo-moledo,Rodrigo Moledo,63354,9,3,7,0,6.21,0.95,2.8,5,0,0,0,0,0,0,0,0,0,0,0,0,0,0,0,0,0,0
Internacional,285,Andrés Felipe Amaya Rivera,amaya,Amaya,109656,9,5,6,0,1,0,0,0,0,0,0,0,0,0,0,0,0,0,0,0,0,0,0,0,0,0
Internacional,285,Abel Mathías Hernández Platero,abel-hernandez,Abel Hernández,74159,9,5,7,0,6.86,-0.03,0.55,2,0,0,0,0,0,0,0,0,0,0,0,0,0,0,0,0,0,0
Internacional,285,Leandro Miguel Fernández,leandro-fernandez,Leandro Fernández,93303,9,5,6,0,9,0,0,0,0,0,0,0,0,0,0,0,0,0,0,0,0,0,0,0,0,0
Goiás,290,Rafael Vaz dos Santos,rafael-vaz,Rafael Vaz,73421,9,3,3,0,5.7,-1.26,1.98,7,0,0,0,0,0,0,0,0,0,0,0,0,0,0,0,0,0,0
Goiás,290,Rafael Martiniano de Miranda Moura,rafael-moura,Rafael Moura,37655,9,5,7,0,6.65,1.6,1.7,3,0,0,0,0,0,0,0,0,0,0,0,0,0,0,0,0,0,0
Goiás,290,Victor Andrade Santos,victor-andrade,Victor Andrade,80536,9,5,3,0,5.36,-1.45,3.47,6,0,0,0,0,0,0,0,0,0,0,0,0,0,0,0,0,0,0
Goiás,290,Daniel Alberto Villalva Barrios,keko,Keko ,81683,9,5,7,0,2.93,0.67,2.4,4,0,0,0,0,0,0,0,0,0,0,0,0,0,0,0,0,0,0
Goiás,290,Marcelo Rangel da Rosa,marcelo-rangel,Marcelo Rangel,82730,9,1,6,0,0.86,0,-2.45,2,0,0,0,0,0,0,0,0,0,0,0,0,0,0,0,0,0,0
Goiás,290,Lucas Vinícius Gonçalves Silva,lucao-do-break,Lucão do Break,83199,9,5,6,0,3,0,0,0,0,0,0,0,0,0,0,0,0,0,0,0,0,0,0,0,0,0
Goiás,290,Wanderson de Jesus Martins,caju,Caju,89342,9,2,6,0,2.91,0,2.6,1,0,0,0,0,0,0,0,0,0,0,0,0,0,0,0,0,0,0
Goiás,290,Lucas Cavalcante Silva Afonso,lucao,Lucão,84554,9,3,6,0,3,0,0,0,0,0,0,0,0,0,0,0,0,0,0,0,0,0,0,0,0,0
Goiás,290,Yago da Silva Rocha,yago-rocha,Yago Rocha,90118,9,2,6,0,3.06,0,1.9,1,0,0,0,0,0,0,0,0,0,0,0,0,0,0,0,0,0,0
Goiás,290,Matheus Alves da Silva Cardoso,matheus-alves,Matheus Alves,91712,9,1,6,0,1,0,0,0,0,0,0,0,0,0,0,0,0,0,0,0,0,0,0,0,0,0
Goiás,290,David de Duarte Macedo,david-duarte,David Duarte,91772,9,3,7,0,3.42,0.51,3.4,2,0,0,0,0,0,0,0,0,0,0,0,0,0,0,0,0,0,0
Goiás,290,Jefferson Junio Antônio da Silva,jefferson,Jefferson,95220,9,2,7,0,5.34,-0.02,2.92,5,0,0,0,0,0,0,0,0,0,0,0,0,0,0,0,0,0,0
Goiás,290,Miguel Ferreira Damasceno,miguel-figueira,Miguel Figueira,102565,9,4,7,0,1.38,-0.47,0.64,5,0,0,0,0,0,0,0,0,0,0,0,0,0,0,0,0,0,0
Goiás,290,Thalles Gabriel Morais dos Reis,thalles,Thalles,95222,9,4,6,0,3.27,0,0.7,1,0,0,0,0,0,0,0,0,0,0,0,0,0,0,0,0,0,0
Goiás,290,Kaio Nunes Ferreira,kaio,Kaio,102563,9,4,6,0,3,0,0,0,0,0,0,0,0,0,0,0,0,0,0,0,0,0,0,0,0,0
Goiás,290,Sandro Raniere Guimarães Cordeiro,sandro,Sandro,62111,9,4,7,0,3.28,0,0.07,4,0,0,0,0,0,0,0,0,0,0,0,0,0,0,0,0,0,0
Goiás,290,Henrique Almeida Caixeta Nascentes,henrique-almeida,Henrique Almeida,68773,9,5,6,0,5,0,0,0,0,0,0,0,0,0,0,0,0,0,0,0,0,0,0,0,0,0
Goiás,290,Ignacio Andrés Jara Vargas,ignacio-jara,Ignacio Jara ,107318,9,4,6,0,2.93,1.71,2.05,4,0,0,0,0,0,0,0,0,0,0,0,0,0,0,0,0,0,0
Goiás,290,Fábio Pizarro Sanches,fabio-sanches,Fábio Sanches,71604,9,3,7,0,5.21,0,1.73,6,0,0,0,0,0,0,0,0,0,0,0,0,0,0,0,0,0,0
Goiás,290,Daniel Sartori Bessa,daniel-bessa,Daniel Bessa,103591,9,4,7,0,6.79,-0.43,3.82,7,0,0,0,0,0,0,0,0,0,0,0,0,0,0,0,0,0,0
Goiás,290,Kevin Martín Quevedo Mathey,quevedo,Quevedo,102197,9,5,6,0,0.85,0,0.4,1,0,0,0,0,0,0,0,0,0,0,0,0,0,0,0,0,0,0
Goiás,290,Breno Washington Rodrigues da Silva,breno,Breno,106083,9,4,6,0,3.56,-0.73,2.32,5,0,0,0,0,0,0,0,0,0,0,0,0,0,0,0,0,0,0
Goiás,290,Gilberto dos Santos Souza Júnior,gilberto,Gilberto,73789,9,4,6,0,2.88,-0.16,0.4,2,0,0,0,0,0,0,0,0,0,0,0,0,0,0,0,0,0,0
Goiás,290,Heron Crespo da Silva,heron,Heron,105339,9,3,6,0,0.75,0,0,3,0,0,0,0,0,0,0,0,0,0,0,0,0,0,0,0,0,0
Goiás,290,Mike dos Santos Nenatarvicius,mike,Mike,72389,9,5,6,0,3.01,-0.37,1.14,5,0,0,0,0,0,0,0,0,0,0,0,0,0,0,0,0,0,0
Goiás,290,José Joaquim de Carvalho,zeca,Zeca,94976,9,5,6,0,0.75,0,-1.07,3,0,0,0,0,0,0,0,0,0,0,0,0,0,0,0,0,0,0
Goiás,290,Márcio Antônio de Sousa Júnior,marcinho,Marcinho,95332,9,5,6,0,2.66,0,-0.9,1,0,0,0,0,0,0,0,0,0,0,0,0,0,0,0,0,0,0
Goiás,290,Matheus Rezende Assis,rezende,Rezende,93798,9,4,6,0,1,0,0,0,0,0,0,0,0,0,0,0,0,0,0,0,0,0,0,0,0,0
Goiás,290,Tadeu Antônio Ferreira,tadeu,Tadeu,82453,9,1,7,0,5.51,-1.46,-1.16,5,0,0,0,0,0,0,0,0,0,0,0,0,0,0,0,0,0,0
Goiás,290,Juan de Dios Pintado Leines,pintado,Pintado,107565,9,2,6,0,2.78,-0.31,2.33,7,0,0,0,0,0,0,0,0,0,0,0,0,0,0,0,0,0,0
Goiás,290,Filipe Cândido da Trindade,filipe-trindade,Filipe Trindade,105341,9,4,6,0,2,0,0,0,0,0,0,0,0,0,0,0,0,0,0,0,0,0,0,0,0,0
Goiás,290,Cristiano da Silva Vidal,vidal,Vidal,95540,9,2,6,0,2,0,0,0,0,0,0,0,0,0,0,0,0,0,0,0,0,0,0,0,0,0
Goiás,290,Vinícius Lopes da Silva,vinicius,Vinícius,104660,9,5,7,0,3.8,1.51,4.62,4,0,0,0,0,0,0,0,0,0,0,0,0,0,0,0,0,0,0
Goiás,290,Gabriel Martins Rodrigues,rodrigues,Rodrigues,106322,9,2,6,0,1.48,0,0,1,0,0,0,0,0,0,0,0,0,0,0,0,0,0,0,0,0,0
Goiás,290,Walisson Oliveira da Silva,walisson-pequeno,Walisson Pequeno,101696,9,4,6,0,2,0,0,0,0,0,0,0,0,0,0,0,0,0,0,0,0,0,0,0,0,0
Goiás,290,Daniel de Pauli Oliveira,daniel-oliveira,Daniel Oliveira,106076,9,2,6,0,2.15,0,2.75,2,0,0,0,0,0,0,0,0,0,0,0,0,0,0,0,0,0,0
Goiás,290,Henrique Lordelo Souza de Oliveira,henrique-lordelo,Henrique Lordelo,107259,9,4,6,0,1,0,0,0,0,0,0,0,0,0,0,0,0,0,0,0,0,0,0,0,0,0
Goiás,290,Thiago Larghi,thiago-larghi,Thiago Larghi,101957,9,6,7,0,4.31,-0.06,1.76,3,0,0,0,0,0,0,0,0,0,0,0,0,0,0,0,0,0,0
Goiás,290,Edílson Mendes Guimarães,edilson,Edílson,38523,9,2,7,0,5.9,-2.1,-1,1,0,0,0,0,0,0,0,0,0,0,0,0,0,0,0,0,0,0
Goiás,290,Douglas Baggio de Oliveira Costa,douglas-baggio,Douglas Baggio,88072,9,5,6,0,4.06,0,2,5,0,0,0,0,0,0,0,0,0,0,0,0,0,0,0,0,0,0
Goiás,290,Jurani Francisco Ferreira,ratinho,Ratinho,101841,9,4,6,0,2.1,0,1.17,3,0,0,0,0,0,0,0,0,0,0,0,0,0,0,0,0,0,0
Sport,292,Lucas Henrique Ferreira Venuto,lucas-venuto,Lucas Venuto,100290,9,5,6,0,2.2,-0.07,1.2,5,0,0,0,0,0,0,0,0,0,0,0,0,0,0,0,0,0,0
Sport,292,Hernane Vidal Souza,hernane,Hernane,72386,9,5,6,0,1.65,-0.1,-0.11,8,0,0,0,0,0,0,0,0,0,0,0,0,0,0,0,0,0,0
Sport,292,Jonatan David Gomez Ospina,jonatan-gomez,Jonatan Gomez,94857,9,4,2,0,10.95,-0.51,2.57,9,0,0,0,0,0,0,0,0,0,0,0,0,0,0,0,0,0,0
Sport,292,Philip Luiz Soares da Silva,philip,Philip,73758,9,4,6,0,1.38,0,-0.4,1,0,0,0,0,0,0,0,0,0,0,0,0,0,0,0,0,0,0
Sport,292,Luciano Batista da Silva Junior,luciano-juba,Luciano Juba,107093,9,2,2,0,1.93,0.51,0.98,6,0,0,0,0,0,0,0,0,0,0,0,0,0,0,0,0,0,0
Sport,292,Carlos Eduardo Soares Mota,carlos-eduardo,Carlos Eduardo,90416,9,1,6,0,2,0,0,0,0,0,0,0,0,0,0,0,0,0,0,0,0,0,0,0,0,0
Sport,292,Francisco Alves da Silva Melo,chico,Chico,99253,9,3,6,0,1.5,0,0.3,3,0,0,0,0,0,0,0,0,0,0,0,0,0,0,0,0,0,0
Sport,292,Marcos Vinícius Sousa Natividade,marquinhos,Marquinhos,102292,9,5,7,0,6.77,-0.51,3.87,9,0,0,0,0,0,0,0,0,0,0,0,0,0,0,0,0,0,0
Sport,292,Maxwell Lima Santos Silva,maxwell,Maxwell,107092,9,5,6,0,2.54,0,1.5,1,0,0,0,0,0,0,0,0,0,0,0,0,0,0,0,0,0,0
Sport,292,José Rogério de Oliveira Melo,rogerio,Rogério,73540,9,5,6,0,3.97,-1.03,0.5,1,0,0,0,0,0,0,0,0,0,0,0,0,0,0,0,0,0,0
Sport,292,Patric Cabral Lalau,patric,Patric,60969,9,2,7,0,8.93,0.11,3.86,9,0,0,0,0,0,0,0,0,0,0,0,0,0,0,0,0,0,0
Sport,292,Ronaldo Henrique Silva,ronaldo-silva,Ronaldo Silva,71640,9,5,6,0,0.81,0,-2.2,3,0,0,0,0,0,0,0,0,0,0,0,0,0,0,0,0,0,0
Sport,292,Ronaldo Henrique Ferreira da Silva,ronaldo-henrique,Ronaldo Henrique,85149,9,4,7,0,3.07,-0.8,1.13,4,0,0,0,0,0,0,0,0,0,0,0,0,0,0,0,0,0,0
Sport,292,Rafael Thyere de Albuquerque Marques,rafael-thyere,Rafael Thyere,83048,9,3,6,0,4,0,0,0,0,0,0,0,0,0,0,0,0,0,0,0,0,0,0,0,0,0
Sport,292,Iago Justen Maidana Martins,iago-maidana,Iago Maidana,89226,9,3,7,0,5.3,-0.57,2.06,9,0,0,0,0,0,0,0,0,0,0,0,0,0,0,0,0,0,0
Sport,292,Raul Prata,raul-prata,Raul Prata,84855,9,2,5,0,5,0,0,0,0,0,0,0,0,0,0,0,0,0,0,0,0,0,0,0,0,0
Sport,292,Alesandro dos Santos Pereira,ale-santos,Alê Santos,99256,9,4,6,0,2,0,0,0,0,0,0,0,0,0,0,0,0,0,0,0,0,0,0,0,0,0
Sport,292,Elton Rodrigues Brandão,elton,Elton,38588,9,5,7,0,10.7,-0.15,1.57,9,0,0,0,0,0,0,0,0,0,0,0,0,0,0,0,0,0,0
Sport,292,Helber Ítalo dos Santos,italo,Ítalo,109395,9,4,6,0,1,0,0,0,0,0,0,0,0,0,0,0,0,0,0,0,0,0,0,0,0,0
Sport,292,Sander Henrique Bortolotto,sander,Sander,86391,9,2,2,0,9.27,0,3.17,7,0,0,0,0,0,0,0,0,0,0,0,0,0,0,0,0,0,0
Sport,292,João Igor Oliveira de Santana,joao-igor,João Igor,104217,9,4,6,0,2.9,0,0,1,0,0,0,0,0,0,0,0,0,0,0,0,0,0,0,0,0,0
Sport,292,Luan Polli Gomes,luan-polli,Luan Polli ,88916,9,1,7,0,3.42,-0.5,-1.7,3,0,0,0,0,0,0,0,0,0,0,0,0,0,0,0,0,0,0
Sport,292,Adryelson Shawann Lima Silva,adryelson,Adryelson,91664,9,3,7,0,3.05,0.2,0.48,8,0,0,0,0,0,0,0,0,0,0,0,0,0,0,0,0,0,0
Sport,292,Ewandro Felipe de Lima Costa,ewandro,Ewandro,86842,9,5,6,0,3,0,0,0,0,0,0,0,0,0,0,0,0,0,0,0,0,0,0,0,0,0
Sport,292,Leandro Barcia Montero,leandro-barcia,Leandro Barcia,91242,9,5,7,0,5.8,-1.15,2.15,4,0,0,0,0,0,0,0,0,0,0,0,0,0,0,0,0,0,0
Sport,292,Maílson Tenório dos Santos,mailson,Maílson,98034,9,1,6,0,1.89,0,0.27,6,0,0,0,0,0,0,0,0,0,0,0,0,0,0,0,0,0,0
Sport,292,Elias Lira Nogueira Júnior ,elias-lira,Elias Lira,99034,9,2,6,0,1,0,0,0,0,0,0,0,0,0,0,0,0,0,0,0,0,0,0,0,0,0
Sport,292,Bruno Roberto Pereira da Silva,bruninho,Bruninho,101716,9,4,6,0,4.8,0.4,2.7,5,0,0,0,0,0,0,0,0,0,0,0,0,0,0,0,0,0,0
Sport,292,Túlio Galindo Bandeira de Melo,tulio,Túlio,109566,9,1,6,0,1,0,0,0,0,0,0,0,0,0,0,0,0,0,0,0,0,0,0,0,0,0
Sport,292,Pedro Henrique Nunes Silva,pedrao,Pedrão,107541,9,3,6,0,1,0,0,0,0,0,0,0,0,0,0,0,0,0,0,0,0,0,0,0,0,0
Sport,292,Jair Ventura,jair-ventura,Jair Ventura,92180,9,6,7,0,5.56,-0.07,2.33,4,0,0,0,0,0,0,0,0,0,0,0,0,0,0,0,0,0,0
Sport,292,Ricardo Ribeiro de Lima,ricardinho,Ricardinho,68832,9,4,7,0,3.52,0.91,1.63,7,0,0,0,0,0,0,0,0,0,0,0,0,0,0,0,0,0,0
Sport,292,Roberto Pimenta Vinagre Filho,betinho,Betinho,82876,9,4,3,0,4.79,-0.01,1.9,9,0,0,0,0,0,0,0,0,0,0,0,0,0,0,0,0,0,0
Sport,292,Lucas Andrés Mugni,lucas-mugni,Lucas Mugni,81121,9,4,6,0,2.33,0,0.52,5,0,0,0,0,0,0,0,0,0,0,0,0,0,0,0,0,0,0
Sport,292,Marcos Antônio Almeida Silva,marcao-silva,Marcão Silva,78856,9,4,2,0,3.49,0,-0.07,3,0,0,0,0,0,0,0,0,0,0,0,0,0,0,0,0,0,0
Athlético-PR,293,Lucas Eduardo Ribeiro de Souza,edu,Edu,105842,9,3,6,0,2,0,0,0,0,0,0,0,0,0,0,0,0,0,0,0,0,0,0,0,0,0
Athlético-PR,293,Aderbar Melo dos Santos Neto,santos,Santos,69012,9,1,7,0,5.31,0.52,0.29,7,0,0,0,0,0,0,0,0,0,0,0,0,0,0,0,0,0,0
Athlético-PR,293,Luis Oscar González,lucho-gonzalez,Lucho González,71479,9,4,6,0,2.9,-0.92,-0.23,4,0,0,0,0,0,0,0,0,0,0,0,0,0,0,0,0,0,0
Athlético-PR,293,Leonardo Cittadini,leo-cittadini,Léo Cittadini,70986,9,4,6,0,13.09,0.06,3.8,8,0,0,0,0,0,0,0,0,0,0,0,0,0,0,0,0,0,0
Athlético-PR,293,Geuvânio Santos Silva,geuvanio,Geuvânio,73896,9,5,7,0,6.19,1.63,3.18,7,0,0,0,0,0,0,0,0,0,0,0,0,0,0,0,0,0,0
Athlético-PR,293,Fernando Canesin Matos,fernando-canesin,Fernando Canesin,81585,9,4,6,0,1.44,0,-0.2,3,0,0,0,0,0,0,0,0,0,0,0,0,0,0,0,0,0,0
Athlético-PR,293,Jonathan Cícero Moreira,jonathan,Jonathan,37662,9,2,7,0,8.87,-1.67,2.13,4,0,0,0,0,0,0,0,0,0,0,0,0,0,0,0,0,0,0
Athlético-PR,293,Jandrei Chitolina Carniel,jandrei,Jandrei,86508,9,1,6,0,10.29,0,8.2,1,0,0,0,0,0,0,0,0,0,0,0,0,0,0,0,0,0,0
Athlético-PR,293,Thiago Heleno Henrique Ferreira,thiago-heleno,Thiago Heleno,38394,9,3,7,0,4.59,-0.22,-0.05,4,0,0,0,0,0,0,0,0,0,0,0,0,0,0,0,0,0,0
Athlético-PR,293,Carlos Eduardo Ferreira de Souza,carlos-eduardo,Carlos Eduardo,90917,9,5,6,0,4.22,0,1.72,5,0,0,0,0,0,0,0,0,0,0,0,0,0,0,0,0,0,0
Athlético-PR,293,José Ivaldo Almeida Silva,ze-ivaldo,Zé Ivaldo,91866,9,3,6,0,6.96,0,5.6,1,0,0,0,0,0,0,0,0,0,0,0,0,0,0,0,0,0,0
Athlético-PR,293,Márcio Gonzaga de Azevedo,marcio-azevedo,Márcio Azevedo,42491,9,2,7,0,2.76,-0.65,-0.83,3,0,0,0,0,0,0,0,0,0,0,0,0,0,0,0,0,0,0
Athlético-PR,293,Walter Henrique da Silva,walter,Walter,62128,9,5,6,0,3.64,0,0.55,2,0,0,0,0,0,0,0,0,0,0,0,0,0,0,0,0,0,0
Athlético-PR,293,Wellington Aparecido Martins,wellington,Wellington,62129,9,4,7,0,1.51,0,-1.36,5,0,0,0,0,0,0,0,0,0,0,0,0,0,0,0,0,0,0
Athlético-PR,293,Felipe Aguilar Mendoza,aguilar,Aguilar,95494,9,3,6,0,6.4,0.75,2.63,3,0,0,0,0,0,0,0,0,0,0,0,0,0,0,0,0,0,0
Athlético-PR,293,Pedro Gabriel Pereira Lopes,pedrinho,Pedrinho,100103,9,5,6,0,2.49,0,0.76,5,0,0,0,0,0,0,0,0,0,0,0,0,0,0,0,0,0,0
Athlético-PR,293,Erick Luis Conrado de Carvalho,erick,Erick,98022,9,4,7,0,5.1,0.69,5.13,3,0,0,0,0,0,0,0,0,0,0,0,0,0,0,0,0,0,0
Athlético-PR,293,Vitor Hugo Naum dos Santos,vitinho,Vitinho,101960,9,5,5,0,15.46,0,5.9,5,0,0,0,0,0,0,0,0,0,0,0,0,0,0,0,0,0,0
Athlético-PR,293,Guilherme Bissoli Campos,bissoli,Bissoli,100762,9,5,6,0,2.18,-0.24,0.1,3,0,0,0,0,0,0,0,0,0,0,0,0,0,0,0,0,0,0
Athlético-PR,293,Lucas Halter,lucas-halter,Lucas Halter,102253,9,3,6,0,2.99,0,0.8,5,0,0,0,0,0,0,0,0,0,0,0,0,0,0,0,0,0,0
Athlético-PR,293,Khellven Douglas Silva Oliveira,khellven,Khellven ,105175,9,2,6,0,4.13,0.02,0.67,6,0,0,0,0,0,0,0,0,0,0,0,0,0,0,0,0,0,0
Athlético-PR,293,Anderson Silva da Paixão,anderson,Anderson,102906,9,1,6,0,2,0,0,0,0,0,0,0,0,0,0,0,0,0,0,0,0,0,0,0,0,0
Athlético-PR,293,Abner Vinícius da Silva Santos,abner-vinicius,Abner Vinícius,104513,9,2,6,0,8.72,0,3,7,0,0,0,0,0,0,0,0,0,0,0,0,0,0,0,0,0,0
Athlético-PR,293,Richard Cândido Coelho,richard,Richard,86711,9,4,6,0,2.27,0,0.56,7,0,0,0,0,0,0,0,0,0,0,0,0,0,0,0,0,0,0
Athlético-PR,293,Pedro Henrique Ribeiro Gonçalves,pedro-henrique,Pedro Henrique,87225,9,3,7,0,3.76,0,0.5,3,0,0,0,0,0,0,0,0,0,0,0,0,0,0,0,0,0,0
Athlético-PR,293,Jaime Alberto Alvarado Hoyos,alvarado,Alvarado,107991,9,4,6,0,4.24,0.23,1.3,2,0,0,0,0,0,0,0,0,0,0,0,0,0,0,0,0,0,0
Athlético-PR,293,Pedro Henrique de Oliveira Correia,pedrao,Pedrão,100322,9,3,6,0,3,0,0,0,0,0,0,0,0,0,0,0,0,0,0,0,0,0,0,0,0,0
Athlético-PR,293,Maycon Vinícius Ferreira da Cruz,nikao,Nikão,69705,9,4,7,0,9.66,-2.19,1.34,5,0,0,0,0,0,0,0,0,0,0,0,0,0,0,0,0,0,0
Athlético-PR,293,Christian Roberto Alves Cardoso,christian,Christian,104502,9,4,7,0,0.77,0,-0.47,4,0,0,0,0,0,0,0,0,0,0,0,0,0,0,0,0,0,0
Athlético-PR,293,Bento Matheus Krepski,bento,Bento,105208,9,1,6,0,1,0,0,0,0,0,0,0,0,0,0,0,0,0,0,0,0,0,0,0,0,0
Athlético-PR,293,Luan Patrick Wiedthauper,luan-patrick,Luan Patrick,106835,9,3,6,0,2,0,0,0,0,0,0,0,0,0,0,0,0,0,0,0,0,0,0,0,0,0
Athlético-PR,293,Jair Diego Alves de Brito,jaja,Jajá,107195,9,5,6,0,1,0,0,0,0,0,0,0,0,0,0,0,0,0,0,0,0,0,0,0,0,0
Athlético-PR,293,Bruno da Silva Costa Leite,bruno-leite,Bruno Leite,102301,9,4,6,0,0.77,0,-0.6,1,0,0,0,0,0,0,0,0,0,0,0,0,0,0,0,0,0,0
Athlético-PR,293,Leonardo Silva Gomes,leo-gomes,Léo Gomes,101585,9,4,6,0,1,0,0,0,0,0,0,0,0,0,0,0,0,0,0,0,0,0,0,0,0,0
Athlético-PR,293,Kawan Gabriel da Silva,kawan,Kawan,106219,9,4,6,0,0.72,0,-2.6,1,0,0,0,0,0,0,0,0,0,0,0,0,0,0,0,0,0,0
Athlético-PR,293,Fabio Augusto Luciano da Silva,fabinho,Fabinho,101729,9,5,7,0,0.77,0,-0.47,3,0,0,0,0,0,0,0,0,0,0,0,0,0,0,0,0,0,0
Athlético-PR,293,Ravanelli Ferreira dos Santos,ravanelli,Ravanelli,92193,9,4,6,0,4.61,2.61,8.5,1,0,0,0,0,0,0,0,0,0,0,0,0,0,0,0,0,0,0
Athlético-PR,293,Eduardo Maciel de Barros,eduardo-barros,Eduardo Barros,106612,9,6,7,0,7.33,0.14,1.82,3,0,0,0,0,0,0,0,0,0,0,0,0,0,0,0,0,0,0
Athlético-PR,293,Caio Alan Tem Catem Gonçalves,caio,Caio,99460,9,1,6,0,1,0,0,0,0,0,0,0,0,0,0,0,0,0,0,0,0,0,0,0,0,0
Athlético-PR,293,Jorge de Moura Xavier,jorginho,Jorginho,77544,9,4,6,0,10.61,0,5.84,5,0,0,0,0,0,0,0,0,0,0,0,0,0,0,0,0,0,0
Coritiba,294,Wilson Rodrigues de Moura Júnior,wilson,Wilson,50284,9,1,7,0,8.47,-1.04,4.51,9,0,0,0,0,0,0,0,0,0,0,0,0,0,0,0,0,0,0
Coritiba,294,Ramón Martínez López,ramon-martinez,Ramón Martínez,92155,9,4,6,0,4,0,0,0,0,0,0,0,0,0,0,0,0,0,0,0,0,0,0,0,0,0
Coritiba,294,Hugo Moura Arruda da Silva,hugo-moura,Hugo Moura,101594,9,4,2,0,2.41,0.14,0.43,3,0,0,0,0,0,0,0,0,0,0,0,0,0,0,0,0,0,0
Coritiba,294,Alex Roberto Santana Rafael ,alex-muralha,Alex Muralha,79066,9,1,6,0,5,0,0,0,0,0,0,0,0,0,0,0,0,0,0,0,0,0,0,0,0,0
Coritiba,294,Matheus Galdezani,matheus-galdezani,Matheus Galdezani,82634,9,4,2,0,11.28,0.04,4.93,9,0,0,0,0,0,0,0,0,0,0,0,0,0,0,0,0,0,0
Coritiba,294,Luiz Ricardo Alves,sassa,Sassá,79578,9,5,7,0,3.78,1.41,1.87,9,0,0,0,0,0,0,0,0,0,0,0,0,0,0,0,0,0,0
Coritiba,294,Guilherme da Trindade Dubas,guilherme-biro,Guilherme Biro,107555,9,5,6,0,2,0,0,0,0,0,0,0,0,0,0,0,0,0,0,0,0,0,0,0,0,0
Coritiba,294,Luiz Rhodolfo Dini Gaioto,rhodolfo,Rhodolfo,42501,9,3,7,0,4.62,-0.67,2.1,5,0,0,0,0,0,0,0,0,0,0,0,0,0,0,0,0,0,0
Coritiba,294,Rafael da Silva Francisco,rafinha,Rafinha,38421,9,4,5,0,7,0,0,0,0,0,0,0,0,0,0,0,0,0,0,0,0,0,0,0,0,0
Coritiba,294,Rafael Ramos de Lima,rafael-lima,Rafael Lima,50361,9,3,6,0,3,0,0,0,0,0,0,0,0,0,0,0,0,0,0,0,0,0,0,0,0,0
Coritiba,294,Wanderley Monteiro dos Santos Júnior,wanderley,Wanderley,38449,9,5,6,0,3.26,0,0.5,1,0,0,0,0,0,0,0,0,0,0,0,0,0,0,0,0,0,0
Coritiba,294,Giovanni Augusto Oliveira Cardoso,giovanni-augusto,Giovanni Augusto,68938,9,4,6,0,4.59,-0.18,0.87,4,0,0,0,0,0,0,0,0,0,0,0,0,0,0,0,0,0,0
Coritiba,294,Renê dos Santos Júnior,rene-junior,Renê Júnior,73281,9,4,6,0,1.6,0,-0.7,3,0,0,0,0,0,0,0,0,0,0,0,0,0,0,0,0,0,0
Coritiba,294,William Matheus da Silva,william-matheus,William Matheus,62130,9,2,7,0,6,1.42,3.38,9,0,0,0,0,0,0,0,0,0,0,0,0,0,0,0,0,0,0
Coritiba,294,Robson dos Santos Fernandes,robson,Robson,84817,9,5,7,0,8.14,1.97,3.66,9,0,0,0,0,0,0,0,0,0,0,0,0,0,0,0,0,0,0
Coritiba,294,Gabriel Santana Pinto,gabriel,Gabriel,73515,9,4,5,0,5.15,0,2.1,1,0,0,0,0,0,0,0,0,0,0,0,0,0,0,0,0,0,0
Coritiba,294,Giovanni Piccolomo,giovanni,Giovanni,79432,9,4,6,0,3.51,0,1.9,1,0,0,0,0,0,0,0,0,0,0,0,0,0,0,0,0,0,0
Coritiba,294,Ruy Franco de Almeida Junior,ruy,Ruy,82939,9,4,6,0,2.83,0,-0.27,3,0,0,0,0,0,0,0,0,0,0,0,0,0,0,0,0,0,0
Coritiba,294,Rodolfo Filemon de Oliveira da Silva,rodolfo-filemon,Rodolfo Filemon,97925,9,3,3,0,0.77,0,-0.99,7,0,0,0,0,0,0,0,0,0,0,0,0,0,0,0,0,0,0
Coritiba,294,Wellissol Santos de Oliveira ,wellissol,Wellissol ,94718,9,5,6,0,1.1,0,-0.07,4,0,0,0,0,0,0,0,0,0,0,0,0,0,0,0,0,0,0
Coritiba,294,Thiago Ferreira Lopes,thiago-lopes,Thiago Lopes,92225,9,4,6,0,3,0,0,0,0,0,0,0,0,0,0,0,0,0,0,0,0,0,0,0,0,0
Coritiba,294,Matheus de Sales Cabral,matheus-sales,Matheus Sales,89285,9,4,7,0,4.51,0.92,2.25,6,0,0,0,0,0,0,0,0,0,0,0,0,0,0,0,0,0,0
Coritiba,294,Nathan Otávio Ribeiro,nathan-ribeiro,Nathan Ribeiro,102607,9,3,6,0,3,0,0,0,0,0,0,0,0,0,0,0,0,0,0,0,0,0,0,0,0,0
Coritiba,294,Patrick de Oliveira Vieira,patrick-vieira,Patrick Vieira,78635,9,2,6,0,4.64,0,1.55,4,0,0,0,0,0,0,0,0,0,0,0,0,0,0,0,0,0,0
Coritiba,294,Geovane Henrique Pereira de Souza,geovane,Geovane,96349,9,2,6,0,3,0,0,0,0,0,0,0,0,0,0,0,0,0,0,0,0,0,0,0,0,0
Coritiba,294,José Sabino Chagas Monteiro,sabino,Sabino,104075,9,3,7,0,7.81,0.88,4.6,9,0,0,0,0,0,0,0,0,0,0,0,0,0,0,0,0,0,0
Coritiba,294,Igor Jesus Maciel da Cruz,igor-jesus,Igor Jesus,104528,9,5,7,0,2.51,0.02,1.16,9,0,0,0,0,0,0,0,0,0,0,0,0,0,0,0,0,0,0
Coritiba,294,Matheus Bueno Batista,matheus-bueno,Matheus Bueno,101832,9,4,7,0,1.37,-0.15,0.71,8,0,0,0,0,0,0,0,0,0,0,0,0,0,0,0,0,0,0
Coritiba,294,Nathanael Ananias da Silva,nathan-silva,Nathan Silva,95794,9,4,6,0,2.39,0,-0.13,3,0,0,0,0,0,0,0,0,0,0,0,0,0,0,0,0,0,0
Coritiba,294,Natanael Moreira Milouski,natanael,Natanael,107554,9,2,6,0,0.77,-0.09,0.37,3,0,0,0,0,0,0,0,0,0,0,0,0,0,0,0,0,0,0
Coritiba,294,Henrique Vermudt,henrique-vermudt,Henrique Vermudt,104504,9,4,6,0,2,0,0,0,0,0,0,0,0,0,0,0,0,0,0,0,0,0,0,0,0,0
Coritiba,294,Jonathan Francisco Lemos,jonathan,Jonathan,86713,9,2,7,0,4.47,0.4,2.93,7,0,0,0,0,0,0,0,0,0,0,0,0,0,0,0,0,0,0
Coritiba,294,Neilton Meira Mestzk,neilton,Neilton,83772,9,5,6,0,5.41,0,1.58,5,0,0,0,0,0,0,0,0,0,0,0,0,0,0,0,0,0,0
Coritiba,294,Jorge Amorim de Oliveira Campos,jorginho,Jorginho,70323,9,6,7,0,7.36,0.41,3.78,4,0,0,0,0,0,0,0,0,0,0,0,0,0,0,0,0,0,0
Coritiba,294,Yan Medeiros Sasse,yan-sasse,Yan Sasse,96055,9,4,6,0,0.93,0,-1.43,4,0,0,0,0,0,0,0,0,0,0,0,0,0,0,0,0,0,0
Coritiba,294,Nathan Uilian Fogaça,nathan,Nathan ,102667,9,5,6,0,0.74,0,0,1,0,0,0,0,0,0,0,0,0,0,0,0,0,0,0,0,0,0
Coritiba,294,Luiz Henrique Augustin ,luiz-henrique,Luiz Henrique,104526,9,4,6,0,0.77,-0.27,0.04,5,0,0,0,0,0,0,0,0,0,0,0,0,0,0,0,0,0,0
Coritiba,294,Diego Santos Monteiro,diego-monteiro,Diego Monteiro,107136,9,1,6,0,1,0,0,0,0,0,0,0,0,0,0,0,0,0,0,0,0,0,0,0,0,0
Coritiba,294,Christian Kendji Wagatsuma Ferreira,kazu,Kazu,107137,9,2,6,0,1,0,0,0,0,0,0,0,0,0,0,0,0,0,0,0,0,0,0,0,0,0
Ceará,354,Fernando Buttenbender Prass,fernando-prass,Fernando Prass,38140,9,1,7,0,5.12,-1.14,3.74,9,0,0,0,0,0,0,0,0,0,0,0,0,0,0,0,0,0,0
Ceará,354,Rodrigo Gomes dos Santos,rodrigao,Rodrigão,90651,9,5,5,0,6,0,0,0,0,0,0,0,0,0,0,0,0,0,0,0,0,0,0,0,0,0
Ceará,354,Augusto Sérgio Ferreira,guto-ferreira,Guto Ferreira,37245,9,6,7,0,7.71,-0.2,3.4,9,0,0,0,0,0,0,0,0,0,0,0,0,0,0,0,0,0,0
Ceará,354,Willian Klaus,klaus,Klaus,90846,9,3,5,0,4.13,0,-0.3,1,0,0,0,0,0,0,0,0,0,0,0,0,0,0,0,0,0,0
Ceará,354,Cléber Bomfim de Jesus,cleber,Cléber,104125,9,5,7,0,11.08,-0.32,3.78,9,0,0,0,0,0,0,0,0,0,0,0,0,0,0,0,0,0,0
Ceará,354,William Oliveira dos Santos,william-oliveira,William Oliveira,94297,9,4,3,0,1.68,-0.42,0.16,5,0,0,0,0,0,0,0,0,0,0,0,0,0,0,0,0,0,0
Ceará,354,Vinicius Moreira de Lima,lima,Lima,96340,9,4,6,0,5.09,0.2,1.93,6,0,0,0,0,0,0,0,0,0,0,0,0,0,0,0,0,0,0
Ceará,354,Charles Rigon Mattos,charles,Charles,96342,9,4,7,0,5.88,-0.21,2.48,9,0,0,0,0,0,0,0,0,0,0,0,0,0,0,0,0,0,0
Ceará,354,Mateus Gonçalves Martins,mateus-goncalves,Mateus Gonçalves,103076,9,5,6,0,7.74,-0.22,2.74,9,0,0,0,0,0,0,0,0,0,0,0,0,0,0,0,0,0,0
Ceará,354,Gabriel Santos Cordeiro Lacerda,gabriel-lacerda,Gabriel Lacerda,108176,9,3,6,0,3.62,-0.58,4.02,6,0,0,0,0,0,0,0,0,0,0,0,0,0,0,0,0,0,0
Ceará,354,Alyson Vinícius Almeida Neves,alyson,Alyson,102330,9,2,6,0,1.88,-1.71,-0.8,2,0,0,0,0,0,0,0,0,0,0,0,0,0,0,0,0,0,0
Ceará,354,Francisco Vítor Silva Costa,victor-jacare,Victor Jacaré,101201,9,5,6,0,7.41,0,2.6,4,0,0,0,0,0,0,0,0,0,0,0,0,0,0,0,0,0,0
Ceará,354,Rafael Augusto Sobis do Nascimento,rafael-sobis,Rafael Sobis,37798,9,5,6,0,6.4,-0.33,1.44,9,0,0,0,0,0,0,0,0,0,0,0,0,0,0,0,0,0,0
Ceará,354,Wescley Gomes dos Santos,wescley,Wescley,70925,9,4,6,0,2.46,0,-0.3,2,0,0,0,0,0,0,0,0,0,0,0,0,0,0,0,0,0,0
Ceará,354,Carlos Eduardo Santos Oliveira,eduardo,Eduardo,50645,9,2,6,0,3.71,-0.3,1.4,2,0,0,0,0,0,0,0,0,0,0,0,0,0,0,0,0,0,0
Ceará,354,Bergson Gustavo Silveira da Silva,bergson,Bergson,68696,9,5,6,0,1.66,0,0,3,0,0,0,0,0,0,0,0,0,0,0,0,0,0,0,0,0,0
Ceará,354,Felipe de Oliveira Silva,felipe-baxola,Felipe Baxola,71113,9,4,6,0,3.58,-0.2,-0.1,2,0,0,0,0,0,0,0,0,0,0,0,0,0,0,0,0,0,0
Ceará,354,Vinícius Goes Barbosa de Souza,vinicius,Vinícius,71162,9,4,7,0,7.36,-0.6,4.45,6,0,0,0,0,0,0,0,0,0,0,0,0,0,0,0,0,0,0
Ceará,354,Diogo José Gonçalves da Silva,diogo-silva,Diogo Silva,71882,9,1,6,0,4,0,0,0,0,0,0,0,0,0,0,0,0,0,0,0,0,0,0,0,0,0
Ceará,354,Ricardo Dias Acosta,ricardinho,Ricardinho,78577,9,4,7,0,2.87,0.16,0.2,4,0,0,0,0,0,0,0,0,0,0,0,0,0,0,0,0,0,0
Ceará,354,Rick Jhonatan Lima Morais,rick,Rick,104459,9,5,6,0,0.77,0.03,-0.43,3,0,0,0,0,0,0,0,0,0,0,0,0,0,0,0,0,0,0
Ceará,354,Luiz Otávio Anacleto Leandro,luiz-otavio,Luiz Otávio,72359,9,3,7,0,3.27,0,0.75,7,0,0,0,0,0,0,0,0,0,0,0,0,0,0,0,0,0,0
Ceará,354,Eduardo Schroeder Brock,eduardo-brock,Eduardo Brock,78654,9,3,6,0,3,0,0,0,0,0,0,0,0,0,0,0,0,0,0,0,0,0,0,0,0,0
Ceará,354,Samuel Xavier Brito,samuel-xavier,Samuel Xavier,73384,9,2,7,0,5.07,0,2.16,8,0,0,0,0,0,0,0,0,0,0,0,0,0,0,0,0,0,0
Ceará,354,Richard de Oliveira da Costa,richard,Richard,78851,9,1,6,0,4,0,0,0,0,0,0,0,0,0,0,0,0,0,0,0,0,0,0,0,0,0
Ceará,354,Tiago Pagnussat,tiago,Tiago ,79042,9,3,7,0,6.12,0.12,3.6,5,0,0,0,0,0,0,0,0,0,0,0,0,0,0,0,0,0,0
Ceará,354,Fábio Gonçalves,fabinho,Fabinho,80393,9,4,6,0,3.38,0,1.66,8,0,0,0,0,0,0,0,0,0,0,0,0,0,0,0,0,0,0
Ceará,354,Fernando Pereira do Nascimento,fernando-sobral,Fernando Sobral,84428,9,4,7,0,12.44,-0.42,5.76,9,0,0,0,0,0,0,0,0,0,0,0,0,0,0,0,0,0,0
Ceará,354,Leandro Carvalho da Silva,leandro-carvalho,Leandro Carvalho,88669,9,5,7,0,4.82,0,1.65,6,0,0,0,0,0,0,0,0,0,0,0,0,0,0,0,0,0,0
Ceará,354,Bruno de Jesus Pacheco,bruno-pacheco,Bruno Pacheco,90061,9,2,7,0,6.36,0,2.93,7,0,0,0,0,0,0,0,0,0,0,0,0,0,0,0,0,0,0
Ceará,354,Marthã Fernando Gonçalves Pimenta,martha,Marthã,107400,9,4,6,0,1,0,0,0,0,0,0,0,0,0,0,0,0,0,0,0,0,0,0,0,0,0
Ceará,354,Vitor João Batista Santos,vitao,Vitão,109318,9,3,6,0,1,0,0,0,0,0,0,0,0,0,0,0,0,0,0,0,0,0,0,0,0,0
Ceará,354,Kelvyn Ramos da Fonseca,kelvyn,Kelvyn,102464,9,2,6,0,1,0,0,0,0,0,0,0,0,0,0,0,0,0,0,0,0,0,0,0,0,0
Ceará,354,Leonardo Alves Chú Franco,leo-chu,Léo Chú,106820,9,5,6,0,2,0,0,0,0,0,0,0,0,0,0,0,0,0,0,0,0,0,0,0,0,0
Fortaleza,356,Felipe Alves Raymundo,felipe-alves,Felipe Alves,72372,9,1,7,0,3.64,0.71,1.76,9,0,0,0,0,0,0,0,0,0,0,0,0,0,0,0,0,0,0
Fortaleza,356,Rogério Ceni,rogerio-ceni,Rogério Ceni,97341,9,6,7,0,6.83,0.39,2.89,9,0,0,0,0,0,0,0,0,0,0,0,0,0,0,0,0,0,0
Fortaleza,356,Wellington Pereira do Nascimento,wellington-paulista,Wellington Paulista,38279,9,5,7,0,9.63,2.45,4.61,9,0,0,0,0,0,0,0,0,0,0,0,0,0,0,0,0,0,0
Fortaleza,356,Yuri César Santos de Oliveira Silva,yuri-cesar,Yuri César ,103446,9,5,6,0,4.72,0.01,3.02,8,0,0,0,0,0,0,0,0,0,0,0,0,0,0,0,0,0,0
Fortaleza,356,Osvaldo Lourenço Filho,osvaldo,Osvaldo,42222,9,5,7,0,4.66,-1.01,1.63,9,0,0,0,0,0,0,0,0,0,0,0,0,0,0,0,0,0,0
Fortaleza,356,Roger de Carvalho,roger-carvalho,Roger Carvalho,51415,9,3,5,0,4,0,0,0,0,0,0,0,0,0,0,0,0,0,0,0,0,0,0,0,0,0
Fortaleza,356,Wanderley de Jesus Sousa,derley,Derley,60791,9,4,6,0,4.2,0,1.8,1,0,0,0,0,0,0,0,0,0,0,0,0,0,0,0,0,0,0
Fortaleza,356,Bruno Ferreira Melo,bruno-melo,Bruno Melo,84339,9,2,2,0,4.08,0,2.47,7,0,0,0,0,0,0,0,0,0,0,0,0,0,0,0,0,0,0
Fortaleza,356,Paulo Marcos de Jesus Ribeiro,paulao,Paulão,63172,9,3,7,0,2.96,0.3,1.75,9,0,0,0,0,0,0,0,0,0,0,0,0,0,0,0,0,0,0
Fortaleza,356,Carlos Emiliano Pereira,carlinhos,Carlinhos,63194,9,2,2,0,6.7,1.37,3.45,4,0,0,0,0,0,0,0,0,0,0,0,0,0,0,0,0,0,0
Fortaleza,356,José Romário Silva de Souza,romarinho,Romarinho,84523,9,5,7,0,8.6,-0.31,3.99,9,0,0,0,0,0,0,0,0,0,0,0,0,0,0,0,0,0,0
Fortaleza,356,Tiago Pereira da Silva,tiago-orobo,Tiago Orobó,87477,9,5,6,0,2.05,0.35,0.5,4,0,0,0,0,0,0,0,0,0,0,0,0,0,0,0,0,0,0
Fortaleza,356,Gabriel Dias de Oliveira,gabriel-dias,Gabriel Dias,88368,9,2,7,0,7.57,0.94,3.22,8,0,0,0,0,0,0,0,0,0,0,0,0,0,0,0,0,0,0
Fortaleza,356,Jackson de Souza,jackson,Jackson,70934,9,3,5,0,3.81,0,1.58,5,0,0,0,0,0,0,0,0,0,0,0,0,0,0,0,0,0,0
Fortaleza,356,Marlon Adriano Prezotti,marlon,Marlon,88427,9,4,6,0,2.29,-0.01,-0.3,4,0,0,0,0,0,0,0,0,0,0,0,0,0,0,0,0,0,0
Fortaleza,356,Éderson Alves Ribeiro Silva,ederson,Éderson,73446,9,5,6,0,2.59,0,-0.8,2,0,0,0,0,0,0,0,0,0,0,0,0,0,0,0,0,0,0
Fortaleza,356,Luis Otavio Bonilha de Oliveira Santos,nene-bonilha,Nenê Bonilha,73608,9,4,6,0,3,0,0,0,0,0,0,0,0,0,0,0,0,0,0,0,0,0,0,0,0,0
Fortaleza,356,Guilherme de Jesus da Silva,tinga,Tinga,82628,9,2,6,0,6.93,0.63,4.74,5,0,0,0,0,0,0,0,0,0,0,0,0,0,0,0,0,0,0
Fortaleza,356,David Correa da Fonseca,david,David,90309,9,5,7,0,2.83,-0.32,0.74,9,0,0,0,0,0,0,0,0,0,0,0,0,0,0,0,0,0,0
Fortaleza,356,Luiz Antonio Ferreira Rodrigues,felipe,Felipe,91733,9,4,3,0,4.18,-1.01,2.08,9,0,0,0,0,0,0,0,0,0,0,0,0,0,0,0,0,0,0
Fortaleza,356,José Edson Barros da Silva,edson-carius,Edson Cariús,91750,9,5,6,0,3.21,0,0.7,1,0,0,0,0,0,0,0,0,0,0,0,0,0,0,0,0,0,0
Fortaleza,356,Mariano Vázquez,mariano-vazquez,Mariano Vázquez,98760,9,4,6,0,1.19,0,-0.66,5,0,0,0,0,0,0,0,0,0,0,0,0,0,0,0,0,0,0
Fortaleza,356,Max Walef Araújo da Silva,max-walef,Max Walef,84338,9,1,6,0,2,0,0,0,0,0,0,0,0,0,0,0,0,0,0,0,0,0,0,0,0,0
Fortaleza,356,Marcelo Boeck,marcelo-boeck,Marcelo Boeck,37788,9,1,6,0,4,0,0,0,0,0,0,0,0,0,0,0,0,0,0,0,0,0,0,0,0,0
Fortaleza,356,Juan Sebastián Quintero Fletcher,quintero,Quintero,96382,9,3,7,0,2.48,1,1.44,7,0,0,0,0,0,0,0,0,0,0,0,0,0,0,0,0,0,0
Fortaleza,356,Luiz Henrique Araújo Silva,luiz-henrique,Luiz Henrique,101595,9,4,6,0,2,0,0,0,0,0,0,0,0,0,0,0,0,0,0,0,0,0,0,0,0,0
Fortaleza,356,Gustavo Coutinho Silva Lopes,gustavo-coutinho,Gustavo Coutinho,104362,9,5,6,0,1,0,0,0,0,0,0,0,0,0,0,0,0,0,0,0,0,0,0,0,0,0
Fortaleza,356,Paulo Roberto Valoura Júnior,juninho,Juninho,71937,9,4,7,0,3.04,-0.64,1.68,8,0,0,0,0,0,0,0,0,0,0,0,0,0,0,0,0,0,0
Fortaleza,356,Ronald dos Santos Lopes,ronald,Ronald,100969,9,4,7,0,1.37,-1.27,0.97,3,0,0,0,0,0,0,0,0,0,0,0,0,0,0,0,0,0,0
Fortaleza,356,Franco Rodrigo Fragapane,fragapane,Fragapane,79262,9,5,6,0,1.59,0,0.1,5,0,0,0,0,0,0,0,0,0,0,0,0,0,0,0,0,0,0
Fortaleza,356,Francisco Rodrigo de Sousa Barbosa,diguinho,Diguinho,105282,9,3,6,0,2,0,0,0,0,0,0,0,0,0,0,0,0,0,0,0,0,0,0,0,0,0
Fortaleza,356,Sammuel Queiroz de Freitas,sammuel,Sammuel,109341,9,2,6,0,1,0,0,0,0,0,0,0,0,0,0,0,0,0,0,0,0,0,0,0,0,0
Fortaleza,356,Geilson Cerqueira Almeida,geilson,Geilson,107882,9,4,6,0,1,0,0,0,0,0,0,0,0,0,0,0,0,0,0,0,0,0,0,0,0,0
Atlético-GO,373,Matheus de Vargas,matheus-vargas,Matheus Vargas,87929,9,4,2,0,3.25,0.67,1.27,4,0,0,0,0,0,0,0,0,0,0,0,0,0,0,0,0,0,0
Atlético-GO,373,Willian Marlon Ferreira Moraes,willian-maranhao,Willian Maranhão,87262,9,4,6,0,3.05,0,1,3,0,0,0,0,0,0,0,0,0,0,0,0,0,0,0,0,0,0
Atlético-GO,373,Nicolas Vichiatto da Silva,nicolas,Nicolas,95127,9,2,7,0,7.01,0.88,2.64,8,0,0,0,0,0,0,0,0,0,0,0,0,0,0,0,0,0,0
Atlético-GO,373,Lucas da Cruz Oliveira,oliveira,Oliveira,94514,9,3,6,0,2.03,-0.12,-0.05,2,0,0,0,0,0,0,0,0,0,0,0,0,0,0,0,0,0,0
Atlético-GO,373,Henry Vaca Urquiza,henry-vaca,Henry Vaca,98992,9,4,6,0,2.38,0,0.3,1,0,0,0,0,0,0,0,0,0,0,0,0,0,0,0,0,0,0
Atlético-GO,373,Luís Eduardo Marques dos Santos,dudu,Dudu,97133,9,2,7,0,3.53,0.01,1.83,7,0,0,0,0,0,0,0,0,0,0,0,0,0,0,0,0,0,0
Atlético-GO,373,Lucas Pereira Ribeiro de Souza,lucas-pereira,Lucas Pereira,100100,9,1,6,0,2,0,0,0,0,0,0,0,0,0,0,0,0,0,0,0,0,0,0,0,0,0
Atlético-GO,373,João Victor da Silva Marcelino,joao-victor,João Victor,104250,9,3,7,0,1.23,-0.61,0.45,4,0,0,0,0,0,0,0,0,0,0,0,0,0,0,0,0,0,0
Atlético-GO,373,Vitor Benedito Leque da Silva,vitor,Vitor,108714,9,5,6,0,1.26,0,1.7,1,0,0,0,0,0,0,0,0,0,0,0,0,0,0,0,0,0,0
Atlético-GO,373,Luan Sales do Nascimento,luan-sales,Luan Sales,105521,9,2,6,0,1,0,0,0,0,0,0,0,0,0,0,0,0,0,0,0,0,0,0,0,0,0
Atlético-GO,373,Matheus Henrique Frizzo,matheus-frizzo,Matheus Frizzo,106628,9,4,2,0,1.23,0,-0.43,3,0,0,0,0,0,0,0,0,0,0,0,0,0,0,0,0,0,0
Atlético-GO,373,Odair Marciano de Oliveira Filho,odair,Odair,108745,9,3,6,0,2,0,0,0,0,0,0,0,0,0,0,0,0,0,0,0,0,0,0,0,0,0
Atlético-GO,373,Michel Custódio Gonçalves de Sousa,michel,Michel,105809,9,3,6,0,1,0,0,0,0,0,0,0,0,0,0,0,0,0,0,0,0,0,0,0,0,0
Atlético-GO,373,Ricardo Santos Silva,ricardo,Ricardo,105519,9,4,6,0,2,0,0,0,0,0,0,0,0,0,0,0,0,0,0,0,0,0,0,0,0,0
Atlético-GO,373,Danilo Alves da Silva,danilo,Danilo,107981,9,3,6,0,1,0,0,0,0,0,0,0,0,0,0,0,0,0,0,0,0,0,0,0,0,0
Atlético-GO,373,Jean Paulo Fernandes Filho,jean,Jean,90933,9,1,7,0,8.58,2.28,3.14,8,0,0,0,0,0,0,0,0,0,0,0,0,0,0,0,0,0,0
Atlético-GO,373,Gustavo Henrique Ferrareis,gustavo-ferrareis,Gustavo Ferrareis,89815,9,4,7,0,8.77,0.33,3.6,7,0,0,0,0,0,0,0,0,0,0,0,0,0,0,0,0,0,0
Atlético-GO,373,Renato Kayzer de Souza,renato-kayzer,Renato Kayzer,92696,9,5,7,0,7.81,3.51,9.57,3,0,0,0,0,0,0,0,0,0,0,0,0,0,0,0,0,0,0
Atlético-GO,373,Marlon Rodrigues Freitas,marlon-freitas,Marlon Freitas,93790,9,4,5,0,5.45,-0.35,2,7,0,0,0,0,0,0,0,0,0,0,0,0,0,0,0,0,0,0
Atlético-GO,373,Éder Ferreira Graminho,eder,Éder ,91203,9,3,7,0,3.28,-0.29,0.73,8,0,0,0,0,0,0,0,0,0,0,0,0,0,0,0,0,0,0
Atlético-GO,373,José Brandão Gonçalves Júnior,junior-brandao,Júnior Brandão,93909,9,5,6,0,2.5,0,0.77,3,0,0,0,0,0,0,0,0,0,0,0,0,0,0,0,0,0,0
Atlético-GO,373,Edson Fernandes Botelho Júnior,edson-junior,Edson Júnior,93956,9,5,6,0,1,0,0,0,0,0,0,0,0,0,0,0,0,0,0,0,0,0,0,0,0,0
Atlético-GO,373,Janderson Santos de Souza,janderson,Janderson,97245,9,5,7,0,3.7,0.25,0.92,5,0,0,0,0,0,0,0,0,0,0,0,0,0,0,0,0,0,0
Atlético-GO,373,Francisco Hyun Sol Kim,chico,Chico,82407,9,5,7,0,4.07,-0.43,3.52,6,0,0,0,0,0,0,0,0,0,0,0,0,0,0,0,0,0,0
Atlético-GO,373,Natanael Batista Pimenta,natanael,Natanael,86264,9,2,6,0,4,0,0,0,0,0,0,0,0,0,0,0,0,0,0,0,0,0,0,0,0,0
Atlético-GO,373,Everton Felipe de Oliveira Silva,everton-felipe,Everton Felipe,86519,9,4,6,0,4.03,-0.35,1.37,8,0,0,0,0,0,0,0,0,0,0,0,0,0,0,0,0,0,0
Atlético-GO,373,Gabriel Bernard Conceição da Silva,gabriel-bernard,Gabriel Bernard,109618,9,1,6,0,1,0,0,0,0,0,0,0,0,0,0,0,0,0,0,0,0,0,0,0,0,0
Atlético-GO,373,Luiz Henrique dos Santos Júnior,luiz-henrique,Luiz Henrique,106987,9,2,6,0,1,0,0,0,0,0,0,0,0,0,0,0,0,0,0,0,0,0,0,0,0,0
Atlético-GO,373,Matheus Cotulio Bossa,matheuzinho,Matheuzinho,78424,9,4,6,0,5.74,1.39,2.72,6,0,0,0,0,0,0,0,0,0,0,0,0,0,0,0,0,0,0
Atlético-GO,373,Vagner Carmo Mancini,vagner-mancini,Vagner Mancini,39850,9,6,7,0,6.51,0.59,3.34,8,0,0,0,0,0,0,0,0,0,0,0,0,0,0,0,0,0,0
Atlético-GO,373,Maurício Kozlinski,mauricio-kozlinski,Maurício Kozlinski,72595,9,1,6,0,4,0,0,0,0,0,0,0,0,0,0,0,0,0,0,0,0,0,0,0,0,0
Atlético-GO,373,Gilvan Souza Correa,gilvan,Gilvan,82773,9,3,6,0,5.05,0,1.94,5,0,0,0,0,0,0,0,0,0,0,0,0,0,0,0,0,0,0
Atlético-GO,373,Hyuri Henrique de Oliveira Costa,hyuri,Hyuri,82758,9,5,6,0,6.13,-0.22,1.6,8,0,0,0,0,0,0,0,0,0,0,0,0,0,0,0,0,0,0
Atlético-GO,373,Edson Felipe da Cruz,edson,Edson ,80370,9,4,7,0,8.98,-1.08,5.46,8,0,0,0,0,0,0,0,0,0,0,0,0,0,0,0,0,0,0
